code_insee,bars
85134,2
06088,377
12273,4
65286,29
18019,1
62839,2
59350,454
56098,16
93047,11
60291,2
72077,2
85128,13
88082,3
56127,6
59541,2
34154,17
24016,2
67482,204
25592,1
50066,5
58194,61
74063,16
75103,90
02691,60
86078,4
29171,3
81004,43
88160,41
73235,3
34113,3
33322,2
31451,8
87187,9
79285,2
22187,17
29117,6
81017,1
71270,41
94041,64
33236,16
44184,70
50129,88
69230,1
34155,2
01143,6
30345,2
62178,17
57767,1
40108,1
59183,104
35238,229
53140,1
2A212,3
86092,1
88486,4
86236,1
29179,4
29072,5
69383,106
68271,2
2A092,3
89296,1
58101,1
12164,5
31454,3
40257,1
93070,54
77382,4
02352,2
59220,12
81195,1
22070,14
27584,1
33240,2
62065,18
56114,3
79101,4
2A348,6
08490,9
85018,5
02131,2
57306,14
02668,1
62180,1
94076,17
59360,16
31150,3
16374,3
02071,1
56078,8
15120,12
69381,109
26033,4
38269,10
57019,13
57616,2
76711,11
59650,24
93046,20
35044,1
80308,3
53255,4
61339,3
33009,19
81115,1
80579,2
76259,21
80190,1
2A272,8
91657,13
74089,2
64545,9
13212,33
34258,3
85109,11
56185,7
05004,5
35055,3
88092,1
24037,39
58122,1
30227,7
83119,35
78646,58
62765,50
94046,36
01427,9
33540,12
07348,2
61181,3
62132,4
51287,1
11267,2
31315,2
22050,41
50626,1
48092,8
09032,7
48146,7
68193,3
24538,3
11202,14
18229,1
51535,3
68240,3
86293,2
26336,3
23096,16
76384,7
83021,2
22201,2
92014,3
32233,3
49007,181
35040,1
59193,3
59139,13
63003,6
38567,8
91421,9
68028,1
24223,5
73150,19
02722,27
70310,14
12214,2
35169,2
59094,5
44105,2
59194,1
17245,1
17293,1
33077,1
33305,1
33336,1
40002,5
40167,1
40333,1
47323,17
13053,4
26063,8
59352,4
26193,3
74212,2
76035,8
85194,71
58060,2
17415,30
46148,3
81065,32
66195,5
45234,108
60203,1
04090,1
53135,1
83072,7
08401,1
18242,3
31271,1
49125,10
37072,19
22147,3
67248,1
03306,2
91570,3
43262,1
55166,1
54112,2
51457,1
60402,2
66017,20
35085,8
27542,3
56243,9
35117,2
60134,1
39373,1
50109,2
64040,6
37273,3
82075,5
88498,1
87002,4
67544,7
68195,3
57630,18
44028,1
83146,2
88304,7
36237,1
31582,3
79003,2
79277,3
93073,11
16090,3
79062,3
59185,2
59323,1
94033,21
73098,1
29160,5
56067,4
30351,8
22162,20
35329,1
35202,1
21154,5
18249,2
84094,1
13071,10
71119,1
77095,2
74012,26
13065,7
30068,2
42193,1
92046,26
74233,2
01450,7
13013,1
78650,9
55010,2
29058,7
38394,2
33318,12
84087,22
33454,1
62711,2
60175,28
92073,25
67389,3
94004,5
2B314,1
44198,1
83133,1
68078,4
04031,2
80062,1
25393,1
71540,1
73218,1
34183,4
27090,2
72035,3
62588,7
71263,8
43216,3
22360,9
63284,5
32013,23
37042,2
31489,1
68255,1
10350,1
50165,4
50139,1
72176,5
31242,1
21201,1
51142,1
33323,1
88426,4
30019,2
42168,5
59527,7
40286,1
57134,2
43010,2
62031,1
59286,6
29147,2
03001,3
35139,4
61007,2
34022,1
88383,16
14656,1
03120,1
51043,2
59630,3
03112,1
84016,3
38110,1
91692,3
60508,1
84065,2
91016,2
14021,3
29197,3
69026,1
29031,9
14752,3
47094,1
64306,1
60377,1
94060,3
60647,1
83057,1
27246,4
77350,4
29187,1
76561,5
35024,2
38539,2
51202,1
25374,1
82072,2
28046,1
12186,1
06126,1
29256,3
85001,12
59509,5
62620,3
83123,12
22047,1
36158,1
37097,1
07101,1
77050,1
15005,1
67045,1
17286,4
14174,10
66193,2
62875,1
37188,1
83141,7
97220,7
83034,6
22222,8
63163,1
10033,9
60342,2
97115,6
53192,1
37029,1
15108,3
29172,3
44185,4
18241,6
23030,9
21412,2
91318,1
74303,3
59234,4
74263,5
76192,1
24464,1
26220,7
56144,5
12061,2
12177,2
10344,1
77464,5
58173,2
23065,1
69010,6
53016,1
71120,7
12261,1
21425,3
71153,17
2A099,1
69110,2
63089,1
56166,7
87051,1
22161,1
46128,3
29277,4
70467,3
02157,1
35167,3
69207,2
89201,1
2A070,2
33424,1
83092,4
62271,1
38093,1
61063,4
80071,1
84030,6
76255,11
81124,2
95582,8
35314,2
33552,2
26333,5
41242,5
26023,1
01064,1
02242,1
07069,1
62325,2
83142,1
60122,1
72339,1
95351,4
84129,7
30046,4
62328,2
23089,2
07110,3
59347,3
56054,3
28358,2
21297,2
03292,1
34336,2
19153,2
76075,1
56176,6
10437,2
01006,1
01011,1
01041,1
26084,2
69050,1
69071,1
69136,1
69238,3
50401,1
19213,1
26058,15
08322,1
53039,1
02483,1
86175,1
40151,1
46127,4
37093,1
94011,5
35051,3
40164,2
54382,6
53054,4
59027,2
23025,3
14098,3
56008,1
59075,1
85306,1
35070,2
46001,2
41149,3
18023,2
83101,7
22361,1
44127,1
28015,3
38349,2
81140,6
68375,4
09206,2
44092,1
83028,2
01202,3
18077,1
13214,24
59659,4
73303,3
18049,4
19182,1
38559,6
08190,7
34010,4
60074,2
03132,1
85277,2
03161,1
85278,2
2B086,4
47195,7
31303,1
56017,5
68023,1
26301,2
95675,1
04135,5
55029,15
42224,5
85083,3
32132,5
53269,2
49214,2
84026,11
76475,3
37214,6
45164,1
79176,1
80570,2
74271,1
21166,3
87121,2
37259,1
59227,2
95491,3
46066,1
70339,3
14166,1
31107,4
35120,3
56173,7
85077,2
84081,3
69044,2
95370,2
88176,2
68154,4
56029,1
62013,1
59384,4
40103,1
22002,1
53137,2
77495,2
48116,2
71050,1
84076,1
45067,3
58145,3
42305,8
46205,1
35069,9
15204,2
50410,5
72321,1
33238,2
39286,2
86045,1
29293,9
39056,3
29166,1
42301,1
59036,5
85152,3
63032,4
26010,2
35195,3
32204,1
48139,1
01443,2
97401,3
42172,1
13045,4
13109,3
04182,1
17218,2
63469,1
97206,2
89087,1
27428,5
69204,4
26345,3
09029,1
77456,1
59252,2
62224,4
21536,1
40187,5
66121,1
69131,2
2B121,2
88327,2
02332,1
59436,1
86241,1
57690,2
50166,1
59657,1
63459,1
66148,6
23106,1
73258,1
35012,6
33191,1
33385,1
57638,1
28374,1
59368,15
40176,1
2B134,11
08311,3
40243,1
95019,12
38130,6
02575,2
51204,2
70120,2
74094,4
76005,2
36210,2
77027,1
73087,2
85233,1
76263,1
74015,1
30257,1
84104,3
72010,2
83090,12
92020,11
02355,1
56019,2
35332,2
48012,1
38169,8
11433,1
29274,5
76147,3
56211,3
31550,1
17091,2
67474,1
76736,3
73058,2
79102,1
67130,2
01135,2
54131,1
85284,1
2B287,1
15243,1
01347,2
76252,1
51079,2
60238,2
60590,1
44063,2
30223,2
56063,1
36081,3
33333,3
29184,3
34059,1
45254,1
45258,2
42225,3
35353,4
49020,2
69140,3
85114,12
69191,1
09164,2
79230,2
62506,3
59569,6
02195,1
59622,2
28001,1
51172,3
53233,1
44095,2
60139,8
22248,2
41136,4
44193,1
42129,3
59212,6
73213,5
54430,3
64519,6
66168,1
57426,1
25315,3
35274,2
68146,1
74131,3
22020,2
22150,1
54265,2
77459,1
07059,1
59475,2
63188,1
31360,1
85071,1
42062,1
27191,3
30281,1
34118,1
37266,2
32412,2
12130,2
53146,2
25320,1
60157,8
77171,2
18059,2
55516,1
14355,1
07331,5
35035,1
27598,3
54578,2
73096,1
56153,2
74164,3
29236,4
30308,1
91330,4
70321,1
79031,1
07197,1
14254,1
80034,2
44052,2
66188,1
82112,8
23031,2
15168,2
29153,6
31175,1
64249,3
35068,2
77463,2
17102,2
11027,1
12264,2
14060,2
27016,8
33422,3
86289,1
59071,2
26114,9
30036,5
13098,6
59210,2
33029,2
77109,1
31287,6
41047,3
26181,1
38326,1
36240,1
30222,1
93071,12
23074,2
29069,2
02709,1
65113,1
70037,1
67486,2
18055,1
33017,1
2B193,1
21134,1
60440,1
49129,2
59440,2
42337,1
76743,2
02315,1
38389,4
31407,1
62181,3
04042,1
68292,2
02480,1
36043,1
13081,5
17429,2
97602,2
56200,2
80406,1
85172,2
01266,4
56213,2
85002,2
35243,1
86177,3
22195,4
07286,1
34019,1
56051,1
88468,3
29113,2
51536,1
14271,4
70413,1
62445,2
34298,1
90069,1
2A262,1
54028,4
66027,1
72155,1
78265,2
11370,2
57269,5
59090,5
62476,2
24554,2
27507,2
59278,3
03200,1
44057,2
42266,1
56136,1
38456,2
19250,1
51002,1
89257,5
73064,1
61314,2
50562,5
32160,8
89086,3
19214,1
2A269,5
21058,1
81016,1
04111,4
67434,5
83131,1
62019,4
32446,2
38140,1
22318,2
67506,2
31390,2
43163,2
78281,1
07278,1
87046,3
47065,4
48131,2
61303,1
27439,2
31553,1
53100,1
22227,2
24362,3
45270,2
46201,3
56002,7
35183,1
58218,1
29159,1
97227,3
36120,1
13052,2
37107,1
56202,1
72089,2
57428,1
66065,4
40127,1
76697,1
35006,3
95652,3
81064,1
12253,3
60695,1
48145,1
07207,1
76349,3
69112,1
03135,1
57647,2
53208,1
47032,3
72243,1
80192,1
42319,1
64237,3
90026,3
30130,2
51613,1
33434,2
97402,2
82189,2
08424,1
46225,2
28024,1
50371,1
38561,2
62906,1
36001,3
62869,2
79242,1
24479,2
70425,1
42155,1
42065,2
21189,2
59230,3
59221,1
73010,3
46191,1
30087,1
55271,2
11359,1
29276,2
35054,1
35241,2
69023,1
83026,3
47292,1
58233,1
71258,1
22170,1
62179,1
67478,1
52447,1
27170,1
63193,3
15186,1
59270,2
37229,1
01407,2
09228,1
83016,6
13072,4
62194,2
27517,1
58088,1
26157,1
45031,1
46302,1
29290,1
70202,1
10080,3
13058,3
88129,1
59582,1
50570,1
51596,1
33413,1
54478,1
84056,2
36137,1
26107,1
21124,1
58037,1
39397,1
02128,1
37130,2
57437,1
14301,3
35340,2
80373,2
01189,1
49022,1
81227,2
42209,1
03154,1
74239,2
80631,2
67125,1
22203,5
04230,4
25011,1
01049,1
57209,7
57153,1
07332,1
68056,3
10030,2
69028,3
76357,1
67463,1
49200,1
62461,1
80519,1
38057,2
2B185,2
11392,1
68145,2
07264,1
76557,2
15046,1
22176,2
38211,1
24212,2
35056,1
2B093,1
30145,1
23002,1
64421,1
56190,2
24026,3
56092,1
50349,1
76548,2
36056,1
34329,3
03212,1
56237,4
04193,1
86229,1
2B290,2
07018,1
60396,1
69046,1
77311,1
46200,1
69084,2
22323,2
86246,1
27470,2
40134,2
39367,3
2B043,2
72150,1
25018,1
54232,2
67302,2
59138,1
59590,1
35335,1
56058,2
62801,2
90056,1
66125,1
04216,1
02165,1
38264,1
12305,1
67103,2
2B077,1
72135,1
62714,1
25176,1
81210,1
80008,1
88270,2
80746,1
47170,1
44048,1
88151,1
16206,2
62277,2
12127,1
31341,2
59589,1
49086,1
76739,2
15026,1
80101,1
24179,1
59087,1
33011,4
31044,5
44068,3
35146,1
34296,1
42053,1
72248,1
42293,2
35098,2
13091,1
68334,3
03184,1
63093,1
10209,2
60701,2
71506,1
68329,1
72366,1
97603,1
64273,2
53088,1
63189,1
67194,1
88188,2
10220,1
36172,1
25111,1
37128,1
63215,1
59012,2
35058,1
28249,1
73280,2
23132,1
57465,1
72223,1
69174,2
22101,1
69109,1
22371,1
21525,1
61153,2
2B080,1
50488,1
69088,1
91045,2
02187,1
03127,1
18213,3
38462,1
27487,2
52332,1
14559,1
01005,1
36103,1
15214,1
63074,1
65129,1
73155,1
59239,3
58298,2
52211,1
91534,3
40178,1
22076,1
58118,1
47190,1
57445,1
57650,2
74237,1
62559,1
63254,1
27351,1
53193,1
60281,1
14665,1
08218,2
77097,2
36149,1
53015,1
30116,1
28377,1
80082,1
31525,1
80716,2
27322,2
86276,2
88530,2
54174,1
59514,1
37022,1
49291,1
07267,2
66075,2
67487,2
25334,1
28279,2
29298,1
28027,2
64444,1
95028,1
41285,1
89239,1
91533,1
62706,1
59070,1
69085,2
76698,1
61294,1
34128,2
44217,2
31148,1
74249,1
39171,3
22363,1
11066,1
57195,2
22231,1
83018,2
51474,1
2B007,1
22369,1
30178,2
15205,1
71296,1
97229,2
83136,1
45130,1
68305,1
29089,1
17443,1
63229,2
59562,2
62107,1
86266,1
76392,2
64275,2
64316,1
71155,1
07086,1
42023,2
35231,1
68121,1
41123,1
58247,1
59131,4
46063,2
76183,1
89318,2
86080,1
89428,1
57256,1
29245,1
11081,2
18179,1
60678,1
49378,1
51115,1
54261,2
60616,2
50543,1
02564,1
26224,1
76341,2
07045,3
08222,2
50612,2
38184,1
11244,1
11045,1
67267,1
04096,1
84086,1
29139,2
59289,1
60435,1
38161,1
34210,2
61475,1
31488,2
56084,1
49012,1
25058,1
63092,1
58280,1
85159,1
69198,1
44124,1
68238,1
55117,3
14610,2
50042,1
16168,1
64431,1
44220,1
07089,1
74130,1
57031,1
59382,1
87044,1
45279,1
29066,1
85196,1
44120,1
50130,1
49271,1
62142,1
57337,1
73259,1
65183,2
21353,1
31022,2
16340,1
26163,1
77115,1
30184,2
37264,1
87019,1
03287,1
37241,1
16269,1
80285,1
49329,1
01363,1
65071,1
24011,1
38270,1
69065,1
32064,1
67365,1
38370,1
60164,1
51358,1
67034,1
81267,2
73014,1
89125,1
24264,1
72204,1
50539,2
04144,1
09231,1
63190,1
71006,1
29301,1
68215,1
47257,1
85160,1
64307,1
65307,1
62662,1
66167,2
57137,1
80635,1
45047,1
63213,1
21356,1
59059,1
57694,1
15098,1
78609,2
45030,2
23107,1
67416,1
67425,1
03158,1
42182,1
73068,1
97362,1
31098,2
55165,1
19072,1
35248,1
79071,1
59054,1
87169,1
14635,1
80598,1
46118,1
52504,1
32271,1
79268,1
43071,1
87086,1
08316,1
78239,1
29196,1
43120,1
79001,1
03044,1
10216,3
06158,1
59191,2
36062,1
62727,1
2B162,1
21043,1
85259,1
17109,1
31203,1
30053,1
10123,2
76001,2
74284,1
22284,1
35355,2
69125,1
51614,1
25051,1
12217,1
71183,1
72165,1
45225,1
36160,1
01336,1
65237,1
67350,1
39351,1
76472,1
86053,1
85236,1
86210,1
38167,1
51193,1
59670,1
02217,1
82125,1
81165,1
74262,2
91393,1
31293,2
25332,1
62383,1
88167,1
29110,1
16210,1
02383,1
04022,1
52529,1
53175,1
33493,1
17279,1
15169,2
22012,1
76517,1
22001,1
35171,1
49060,1
77209,1
61002,1
18028,1
12236,1
22212,1
31104,1
77266,1
68086,1
26305,1
62739,1
14623,1
14206,1
27013,3
47238,1
26054,1
85202,1
73225,1
19169,1
2B194,1
21023,1
42092,1
50335,1
46049,1
64396,1
39531,1
62748,1
85204,1
43049,1
89485,1
64364,1
12180,1
22157,1
50448,1
05127,1
56072,1
71004,1
52151,1
60069,1
69249,1
22351,1
78647,1
78233,1
38339,1
50643,1
36027,1
40313,1
31457,1
08124,1
89023,1
25429,1
73120,1
33470,1
29073,1
85300,1
38453,1
01216,1
67414,1
50021,1
88115,1
89067,1
31188,1
34074,1
79095,1
78683,1
10395,1
45158,1
86223,1
07063,1
62309,1
72355,1
57683,5
29006,7
62114,1
77037,5
64452,1
97126,4
91161,8
75110,235
69239,2
13004,58
59172,13
83036,17
29143,2
85234,34
59512,61
37148,1
69264,47
34003,104
68224,116
31042,12
13027,14
75117,192
38297,4
92012,56
30120,3
35090,2
29259,10
64259,4
24115,2
97415,36
44109,347
06018,7
17151,1
74311,2
69266,90
56005,11
11194,1
29042,14
22186,9
64204,7
07221,1
13216,23
50151,4
23077,1
30007,54
83012,7
62200,1
49069,9
33291,3
30037,6
08053,2
13054,15
83116,12
31584,2
50236,5
94017,41
48027,3
85146,17
28422,2
01072,2
50036,1
57550,1
33005,19
63026,4
2B050,25
43041,4
60360,3
58261,1
42187,52
78401,9
57566,3
97416,46
13005,28
33067,2
54160,1
29302,5
44098,2
84092,14
81042,2
69388,26
55533,2
59120,2
75108,168
91514,5
45073,1
64125,7
38095,3
75113,113
62498,52
07255,2
2B242,1
56007,17
94038,7
42025,2
94068,36
87160,1
62166,2
38504,3
74294,2
11266,12
29158,9
69182,2
41067,2
22289,1
32462,4
15101,6
95388,1
62318,9
28034,1
29043,2
91201,9
38318,3
43017,2
33114,2
59046,2
41106,6
30189,114
22285,1
88196,22
2B148,14
2B207,6
27229,46
2A360,1
44107,2
83140,2
60684,3
89464,3
35223,4
88451,3
54280,5
31004,3
34281,3
14715,22
64024,19
25057,3
16281,8
80442,1
27056,10
91549,17
39201,2
77108,21
56057,4
14516,4
63052,3
80240,1
64065,3
88508,1
77327,5
44131,21
38052,8
16085,4
17306,32
79329,21
79196,1
33108,5
40235,2
40280,1
06149,5
03095,10
09122,14
80533,8
62108,19
81288,2
42147,26
88447,1
95500,19
42011,2
50412,4
42330,6
68298,5
25547,4
97604,3
45035,2
50025,17
44162,12
27214,1
57593,2
26146,5
25056,92
28059,2
04197,3
49063,5
89304,1
31145,1
65025,4
80721,4
11145,9
48042,1
35196,3
84132,7
30025,1
06094,6
27263,1
71176,18
46231,3
37249,2
77285,2
22084,5
57660,8
94037,11
45324,2
53201,4
14699,4
56206,4
44043,6
74133,11
34299,13
24487,1
54279,1
95369,1
13047,26
33039,14
77284,16
42099,1
77288,27
77240,3
35201,2
60500,2
84138,9
95446,1
38053,27
49045,1
64499,8
86281,1
01402,1
80222,2
62057,4
58079,7
66150,4
25578,4
24520,18
65123,4
88121,1
69072,5
76164,7
79270,4
57227,26
19121,6
91635,2
77249,4
59426,4
72218,1
93031,20
40194,3
85295,2
05118,3
69116,3
22354,1
13209,33
38421,9
83083,4
50408,1
87128,1
72008,5
08206,1
49253,2
12119,8
60667,3
72198,1
39389,1
51108,17
77397,1
63048,2
37129,1
21492,2
44223,2
61169,14
63075,16
18015,11
11360,4
75107,67
25075,1
06135,1
56152,11
29101,5
53136,1
22205,1
83144,22
04069,1
01369,1
78015,3
62570,5
36005,2
45085,5
79063,1
36204,1
15012,8
15251,1
63164,5
80274,2
14162,3
23079,6
08409,33
40326,7
34209,14
92023,10
62056,2
25502,1
21617,3
94054,8
81131,3
35253,6
71336,2
30062,4
95280,8
38137,1
89068,3
01138,3
95210,9
84009,1
30254,1
84003,19
79081,9
66094,2
43111,1
32208,5
29102,3
61397,1
44175,1
56169,6
57043,1
76069,3
41171,2
27237,1
78048,1
34320,2
15011,1
26347,4
34180,1
31506,4
56130,3
40201,1
72006,3
50615,6
40185,1
33111,2
69002,1
33202,1
01124,1
29278,4
19011,4
2B346,4
91434,7
63291,5
02245,2
77431,3
34117,2
67180,34
02651,1
12021,1
33394,3
04019,10
18124,1
62737,1
53037,1
45224,3
71584,2
29234,4
56117,7
07217,1
59247,1
29055,1
05172,1
78358,7
17462,1
48144,1
48080,11
33402,7
80182,10
2A006,5
84075,1
86123,2
44021,3
84102,4
60019,1
34027,1
25591,1
62173,3
13108,13
61207,1
80696,1
02619,1
57480,19
76717,1
68304,2
33214,21
70282,1
71073,3
59533,2
01243,2
27103,8
71235,2
41013,1
23013,4
21607,3
69292,8
62457,4
68137,1
27468,3
35179,3
60319,1
88090,8
29035,1
38225,6
42195,1
49283,6
59246,2
76289,2
24564,2
59416,5
30028,15
72179,2
49345,5
22340,1
62360,4
01166,3
89073,1
38554,3
84037,4
06007,1
69057,1
69217,2
14431,7
50585,1
35130,4
37101,1
27469,5
44047,7
63423,2
38239,3
2A056,1
53212,1
58095,6
42318,3
56013,6
30051,1
10110,1
85090,5
58264,2
64132,7
30276,2
44074,5
49218,5
62265,2
54273,10
67455,1
51663,6
09105,1
60525,1
29003,8
59028,5
91659,3
62757,4
57515,1
59636,5
49298,3
74219,1
73051,3
38298,3
57537,4
82042,2
26113,8
64225,1
46256,2
04045,3
37226,3
29195,7
54483,4
12280,5
68151,1
72386,1
91115,1
12006,1
95488,9
53245,1
10317,2
82012,1
01180,1
73091,1
51391,1
18066,1
69003,4
88349,4
35095,8
27414,3
66186,1
83081,4
22275,1
56256,2
71549,1
57049,4
35240,7
22074,2
77390,4
95288,4
28035,1
32263,1
30307,3
31282,3
82137,2
52064,1
59339,5
64391,1
01127,1
43033,2
56108,1
85240,2
64100,3
97106,1
38485,3
29099,1
18278,2
19019,6
69036,1
78460,2
40278,4
03065,2
24106,1
57693,1
59034,1
50628,1
79293,1
97309,2
33019,4
54274,3
30210,1
11377,1
92071,4
26061,1
14045,1
83053,1
53258,2
80561,6
31358,2
34321,2
62764,2
50565,2
55268,1
85238,2
30321,6
47049,2
29026,10
56240,13
29235,4
02279,1
30253,1
42184,6
42028,1
22390,1
29252,1
30328,2
24324,1
38412,2
42339,3
64160,3
26271,2
02110,2
67067,2
07167,1
50041,6
66180,4
15220,1
29087,3
68185,1
62183,1
24034,1
04178,1
62201,7
22144,2
44180,6
41211,2
33071,2
62351,2
19079,1
60618,1
88415,3
71275,3
42078,1
76321,3
91667,2
87178,1
22377,3
33185,1
01415,1
78124,1
29185,7
40157,3
31365,1
21603,7
44216,2
74213,3
97119,3
23160,1
09176,1
52355,1
52008,1
43144,1
36070,7
73105,1
65258,8
91665,2
2B219,1
45321,1
62587,5
40307,1
62141,1
61429,2
29211,2
57483,5
35206,2
02753,1
29022,6
80592,1
80802,2
88136,1
43096,1
77211,1
11371,2
35334,2
68349,1
35316,1
38450,1
88075,7
29141,1
29199,7
26139,1
58085,2
76216,10
89390,2
34270,6
35184,6
50098,1
01173,4
59524,2
72118,1
80362,3
35127,4
62705,1
35211,3
17104,2
27589,3
54215,5
76408,1
36035,3
44070,1
50197,2
60043,1
59477,2
2B286,1
84126,2
63322,1
2B058,1
18039,2
68205,1
76034,4
78087,2
16230,1
44203,1
80618,2
22116,1
80798,2
56116,4
91200,12
49267,3
06159,9
50601,5
62350,1
07269,4
34322,1
08486,1
35088,1
36241,1
24371,2
05110,5
91272,4
45129,2
22320,1
68082,2
88439,2
08174,1
73242,2
72373,1
46155,1
29146,3
69268,2
95628,1
42191,1
82117,2
35067,1
97353,3
42044,13
80013,3
71530,1
27413,3
09282,4
24214,1
33022,1
35306,2
26348,5
53073,2
64061,3
95535,1
67397,1
34120,3
22064,2
77128,1
60423,1
86187,1
60233,1
19085,3
59123,1
62516,8
31581,2
66141,2
18108,3
89216,1
62549,1
38229,6
22052,2
37176,1
95430,1
34078,1
15104,1
22028,1
73288,1
19064,1
38242,1
16329,1
37167,3
60451,1
43032,1
12284,2
01047,2
78643,2
34123,1
61391,1
78466,4
22068,1
14711,1
79195,4
80714,2
76580,1
82161,1
29178,7
43051,5
38530,3
35284,2
13060,3
63295,2
57287,2
80732,1
77468,1
36068,1
88246,1
73194,1
83001,2
12098,3
29144,1
29162,3
69089,2
11297,1
79106,1
2B010,2
18109,2
72042,1
27112,6
02818,1
80523,1
32065,1
80640,1
2B167,1
56022,1
27117,2
63279,2
72270,1
62384,1
43148,2
33306,1
33053,1
48045,3
53276,2
58068,1
62628,6
67548,1
31351,1
16415,1
64436,1
26250,1
06058,1
78073,2
04025,1
35023,2
56119,2
60577,1
08343,2
85120,2
43002,3
30274,1
89447,1
84147,1
57466,1
56161,6
60521,1
74055,1
29169,3
24002,1
56021,3
14035,2
76390,1
85084,5
35281,3
46165,2
61414,3
37202,1
71236,1
02571,1
28196,3
37044,1
80330,1
49127,3
72060,1
06108,2
52093,1
12121,1
62744,2
66205,2
71394,1
34134,2
50554,1
57262,1
22322,1
83043,1
69196,2
64463,2
14738,1
53188,2
73220,2
44067,6
76270,1
35330,1
08487,1
48053,2
10058,1
51303,1
87060,1
54115,3
28426,1
22255,1
38332,2
07100,1
62364,3
35031,2
25204,2
77442,1
45167,2
56179,6
73040,2
51660,1
2B124,1
31157,2
53104,1
27397,2
59053,5
30127,1
38200,1
34136,1
38288,1
78490,3
67106,2
37024,1
31563,2
47290,1
91132,1
53078,1
24320,4
18267,3
44001,3
59302,3
33234,3
26307,4
05097,2
44030,4
56053,3
05119,10
49107,1
16358,1
01210,2
14478,4
27008,1
85199,1
95169,1
45327,1
44113,3
21349,1
68174,1
72308,1
70055,1
30231,1
51056,1
18189,2
35131,2
61260,1
29020,3
53127,2
43070,1
91179,1
41251,2
72183,2
38565,2
13115,1
33549,2
64181,1
43053,1
74312,1
67278,1
08354,1
35300,1
39475,2
03126,1
64282,1
29193,2
08367,3
06033,3
22326,2
21210,1
11079,1
04004,2
68012,1
36087,1
54300,1
61116,1
24019,1
30196,1
85029,4
18266,1
54549,2
62335,1
62138,3
63273,2
59639,1
27365,1
83025,1
55154,1
41248,1
04244,2
53091,1
52292,1
57159,2
44094,1
28168,2
29038,2
62067,1
38198,1
90049,2
50487,4
72290,2
53253,1
56046,2
2B332,1
95592,1
83027,3
71388,1
42234,4
41144,1
03288,1
79326,1
59219,1
49336,1
14027,3
62217,2
42332,2
78020,1
95658,1
67347,2
84036,2
44202,1
66182,5
04124,2
51571,1
02106,1
85267,1
63403,1
47249,1
50272,1
15066,1
83075,1
56242,1
73204,2
11429,1
02382,2
22287,1
15021,1
84073,1
35190,1
69189,2
81010,1
77393,2
77453,1
03226,1
45019,1
62390,1
22302,3
60589,2
80003,1
68249,4
61061,1
63419,1
59356,1
30086,1
72303,1
44126,3
76735,3
83127,3
62240,1
26290,2
76647,5
71328,1
80767,1
18268,1
17133,1
18139,2
35250,1
84122,1
88159,1
84117,1
41161,2
50550,3
97111,1
11260,1
29218,3
84015,1
08116,2
04097,1
71010,1
08456,1
31091,3
22346,1
81146,1
72068,3
30267,1
68337,1
16223,3
67557,1
38272,1
54353,1
23102,1
23114,2
34146,2
2B257,1
59035,1
48048,1
62008,1
79235,2
08098,1
01235,1
40070,1
35244,2
30131,3
08415,1
81233,1
03004,1
50239,1
55505,3
79281,1
22202,2
51531,1
50108,1
57154,1
62613,2
64057,2
2A021,1
62902,2
68157,2
62373,1
59325,1
16107,1
62562,1
26081,2
56147,2
66118,1
42088,1
42132,1
42249,1
42261,1
32235,1
32340,1
65074,1
71442,1
30033,2
10121,1
80630,2
56048,2
88357,1
59068,2
66074,1
73052,1
03079,1
01158,1
30167,1
41125,1
66011,2
07345,1
25325,1
05123,1
03106,1
59261,1
49068,1
50087,2
73085,1
29209,1
80625,1
30042,2
65366,1
27638,1
31187,1
03207,1
30011,3
77358,2
47097,1
35302,1
59632,2
74155,1
18035,1
02720,1
2B343,1
85038,2
95651,2
29275,2
33471,1
62274,3
59502,1
37228,1
24133,3
14410,1
47205,1
89348,1
35170,1
72226,1
32095,1
29183,2
81002,2
72196,1
07087,1
59330,1
68256,3
71305,1
17111,1
70348,1
97233,1
18232,1
77216,2
45329,1
42149,3
01380,1
63294,1
84034,1
38067,1
40081,1
77032,1
40276,1
59309,2
24328,1
04033,2
38126,2
33301,1
50361,2
35063,1
40061,1
06019,1
85303,1
91661,2
45123,1
01194,2
55288,2
64369,1
15190,1
13036,2
59003,1
72166,2
31181,1
69007,3
21226,1
83145,3
63387,1
88154,2
14383,1
19275,9
18032,1
61507,1
91359,3
22132,1
01084,1
23185,1
28127,1
60635,1
33490,1
42070,1
66108,1
18253,1
72291,1
01307,2
16372,1
69021,1
29237,1
71178,1
35312,2
13089,2
38397,1
01061,1
60027,1
34075,3
18273,1
72056,1
49160,3
60395,7
58302,1
56201,2
80338,1
86183,1
27577,1
18172,1
24134,1
22279,1
85231,1
74250,3
60156,2
40250,1
79132,1
33003,2
76366,1
81156,1
74234,1
58137,1
57058,3
59255,1
08366,1
62538,1
54252,1
83035,2
62063,1
45053,4
03215,1
43005,1
65427,1
35294,1
56015,1
16003,1
18245,1
53259,2
42286,1
48155,1
79024,2
60138,2
13111,1
51195,1
51066,1
24295,1
2A271,1
41043,1
37138,1
05100,1
69281,1
85065,1
09059,1
59061,1
58148,1
62602,1
14190,1
34175,1
77298,1
02184,1
42128,1
84108,1
34042,1
89167,1
38013,2
81143,1
31289,1
39205,1
35358,1
57492,1
89059,1
62046,1
95641,1
69240,1
80627,1
37163,4
04139,1
27126,1
87107,1
25601,2
61079,1
35033,1
63385,1
86082,1
60341,1
36194,1
29131,2
81319,1
33032,1
26248,1
27002,2
62721,1
56261,1
42107,1
95058,1
29167,1
28309,1
58103,1
05176,1
32155,1
53122,1
42042,1
12003,1
26121,1
31320,1
34272,1
50575,1
59618,1
48043,2
89100,2
35015,1
26148,1
29134,1
30279,1
87050,2
78644,1
73222,2
18070,1
07337,1
15030,1
59117,1
01114,1
03050,1
42268,1
2A001,1
30292,1
07158,1
07166,1
36074,1
2B265,1
16166,1
06023,1
58299,1
22273,2
35309,1
07200,1
65096,1
47106,1
90008,1
72217,1
45289,1
22370,1
12151,1
24021,1
60462,1
03312,1
35216,2
77226,1
28387,1
32433,1
33021,1
80489,1
33324,1
57144,2
35140,1
87190,1
25193,1
39470,2
68321,1
44205,1
60116,1
57096,1
26273,1
03265,1
33220,1
15201,1
19084,1
25555,1
50603,1
79351,1
50446,1
33182,1
27511,1
24534,1
24156,2
56132,1
56149,1
30061,1
50077,1
57207,2
18097,1
18287,1
47293,1
85201,1
77318,1
06068,1
09188,1
06117,1
37020,1
44104,1
71291,1
60409,1
59149,1
60486,1
62618,1
77129,1
35032,1
83151,1
47213,1
10084,1
36146,2
97308,1
50219,1
72087,1
34144,1
06078,1
82113,1
02287,1
63096,1
06077,1
22261,1
56158,1
25442,1
59308,1
40118,1
50471,1
54449,1
38494,1
63063,4
15137,1
01423,1
70536,1
03116,1
63250,1
18149,1
37054,1
55013,1
37002,1
03231,1
08488,1
28398,1
02089,1
28160,1
47107,1
59379,1
65076,1
04152,1
74180,1
69124,1
48086,1
62263,1
95205,1
62785,1
44178,1
35045,1
18126,1
66046,1
63077,2
03060,1
42217,2
87205,1
17228,1
27602,1
81305,1
59082,1
14687,1
62759,1
08338,1
27020,1
79091,1
79215,1
11322,1
71221,1
76663,1
30024,1
14592,1
16336,1
60494,1
56238,1
33473,1
53103,1
77322,1
34051,1
22082,1
05136,1
82084,1
42331,1
90099,1
41049,1
33392,1
03178,1
29263,1
25632,1
53089,1
18125,1
72093,1
59557,1
79189,1
27171,1
77030,1
33151,1
73031,1
2A004,84
50215,3
13038,1
51388,4
73296,26
95268,9
51627,2
22221,5
34110,1
13210,29
46042,19
2B169,6
59402,1
59620,1
29076,2
15001,4
62686,1
18033,63
22136,12
97102,3
29120,5
90053,2
72181,133
29046,36
33429,1
56011,2
15122,6
42049,2
76540,242
77079,3
59383,3
19123,7
97101,16
30133,27
43091,2
13028,29
55545,27
07010,26
57494,1
74056,50
2A345,2
76217,60
35152,10
02742,2
34145,15
66101,1
62889,2
23008,11
88205,2
64189,10
56181,11
50292,2
27340,1
33514,10
62259,1
06030,14
86207,5
21054,29
62331,1
29103,25
24188,1
59412,1
77099,1
66012,2
59365,3
74118,2
22127,4
54397,2
68004,8
13208,59
27485,1
60524,6
88487,6
95018,48
09194,3
59317,4
85141,2
69256,9
50277,1
03190,32
26185,2
39365,2
29239,8
17461,6
73054,31
89279,2
62528,3
97107,8
65388,6
73157,9
34038,2
84137,6
62035,4
71389,1
21557,1
59014,15
34192,17
91631,1
24585,1
25047,8
18120,1
86027,1
32242,1
44182,8
35038,1
91174,38
12231,1
47157,15
32119,7
56052,8
34213,4
28134,37
01026,2
93066,105
02103,3
62842,4
56036,6
38022,5
78158,10
17353,1
79342,2
84119,5
31483,8
73024,6
80513,1
25434,3
30135,4
88463,1
39159,2
60636,7
76451,6
59553,3
81215,1
33449,9
06011,8
38344,10
71423,1
52305,1
16245,1
17282,1
17347,17
86137,8
34108,22
33105,1
40006,1
40229,1
04112,24
05079,8
06128,3
37123,8
86096,1
35004,3
30241,1
93064,7
40317,1
51647,1
74134,16
22060,1
33541,4
88081,1
82114,1
62004,2
41269,20
92019,4
35071,1
27332,1
64348,9
34150,19
37224,1
42183,5
56198,4
68270,4
46083,2
91086,4
73008,30
76057,5
79280,1
24064,7
77154,1
89206,8
97422,15
63124,9
54547,15
69297,5
54498,1
80725,2
29155,3
42005,7
38230,1
49092,7
05036,3
47086,1
94028,19
07019,25
2B113,1
26094,1
77152,4
03195,2
02789,3
85305,2
87163,1
46313,2
62755,5
76733,1
34069,2
73034,5
54323,18
91471,5
91114,10
25301,2
84014,2
83129,28
11304,7
37119,4
58131,2
38563,27
76296,1
59260,3
61344,2
57631,16
57668,2
61196,2
01123,2
80488,1
85008,4
60009,1
08276,1
77053,8
87061,1
53151,1
19094,1
53147,10
22143,5
49021,5
13083,4
95203,11
38382,2
56010,11
71064,1
41052,1
77048,2
23176,7
56258,6
69275,12
83099,4
37027,5
62771,4
89309,6
26166,3
49180,6
46309,9
59322,3
89387,27
89392,2
22172,4
78498,12
49331,16
76462,8
14337,1
16414,2
77139,2
18011,1
62397,6
41194,25
85226,14
38151,13
54043,1
62099,4
31254,1
72213,3
29132,1
74096,5
11379,3
40245,1
50137,1
60369,1
03320,2
13119,2
22250,3
46315,1
51030,7
37179,2
45284,4
80318,3
83066,1
89035,1
35013,5
29279,3
59328,8
50228,2
36135,1
30200,1
14689,2
93079,4
71295,2
78513,1
92040,25
27502,3
60581,2
59624,4
59155,11
54077,2
24200,2
71486,4
10003,4
10006,3
47057,1
92025,29
91105,5
31462,1
35257,3
86061,3
29150,9
59273,12
66008,35
15090,2
53119,4
42324,1
56151,2
91432,5
07146,1
74188,10
57350,5
29297,1
58059,9
44170,1
49023,15
14421,2
38519,1
27155,1
69115,4
74024,1
17409,3
13037,5
17172,2
59008,5
44110,5
13023,6
38449,2
62197,1
29004,8
80620,10
14408,3
57477,2
79127,1
76622,1
81134,1
21038,10
60591,1
97207,4
13030,5
73176,5
31420,4
74057,2
01303,3
47167,3
36192,4
91433,3
65417,2
58134,5
05011,1
76474,4
76114,6
26191,2
74097,2
40328,5
27003,1
26311,1
54284,1
67324,2
12041,1
19010,5
59607,1
59277,3
25212,2
80733,1
29001,2
22208,1
53161,2
56103,1
13104,1
97418,9
60414,8
37281,4
59158,2
80261,3
34081,2
18031,3
05063,5
60191,1
42015,1
33119,6
25248,1
71148,2
74173,10
22152,3
10362,5
62036,2
97408,3
37178,1
53097,7
29023,6
74276,9
37250,1
62155,1
24216,3
24266,1
27049,4
39494,2
04108,3
86111,3
25580,7
56194,1
91223,18
56097,3
62447,9
63129,1
63034,1
30057,1
80799,3
35297,6
60044,2
58071,2
73261,2
05093,4
02304,2
37122,11
76400,2
18290,1
59588,3
60308,1
01246,1
78208,1
76355,2
29078,1
25475,2
02439,1
92048,10
69122,3
01157,2
17230,4
57012,8
24311,3
30269,4
39435,1
68043,2
69291,3
07107,5
35356,1
22107,5
71479,1
34341,2
76350,1
85121,2
27077,1
58232,3
47203,2
53094,3
72360,3
51018,1
78335,7
84146,1
67202,5
50403,4
74273,4
44129,8
38424,1
82115,1
30295,2
61006,12
80512,2
28218,3
68269,6
63099,3
32096,5
29260,5
34001,1
58027,1
62051,5
09157,4
08049,1
63354,3
25356,4
22093,13
62617,9
42316,4
88161,1
66082,1
65046,1
59327,3
60491,2
37046,1
12296,4
59654,4
04158,2
09057,1
51553,1
22131,3
17337,17
95056,2
77111,4
21540,1
95014,1
86163,1
06057,2
76047,2
80164,3
15267,2
95229,6
68162,4
80120,1
29098,4
38276,2
73216,1
78672,2
22049,2
59324,4
50493,1
12063,1
42177,2
35208,2
24075,1
02497,1
74290,3
70210,2
41220,3
85100,1
03321,2
71105,4
78440,10
29049,4
23180,1
13018,2
28096,1
27288,1
26218,1
29002,2
50400,1
43267,1
79307,2
56188,2
55551,3
45338,5
35001,1
68278,2
68097,1
19160,1
87199,2
53084,6
22182,4
07161,6
70311,14
35178,1
30306,2
58304,3
44213,4
59222,1
17200,5
36141,2
51269,2
33478,2
80811,1
59377,1
85118,3
17449,3
40284,4
85097,2
29284,8
02539,1
78398,1
72305,1
38363,2
43190,3
2A119,1
44085,2
07162,1
24286,1
76340,1
97131,6
33213,1
27165,6
78255,1
2B143,1
42097,5
76281,2
29080,1
38050,1
85012,7
23148,1
59026,1
63237,2
24410,1
34056,1
38237,1
65056,1
89204,1
62400,4
78291,4
60374,1
69201,1
18285,1
44049,12
67084,3
69294,1
76484,9
45146,2
06105,4
44211,10
03240,1
28229,3
29249,3
33141,1
22207,2
17241,5
97116,2
32400,2
23056,1
26381,1
59604,1
63200,1
29174,6
06136,2
77020,1
23167,1
77069,3
48149,1
2B009,3
35066,1
72294,3
72127,1
56199,2
33441,1
64393,7
02328,1
36093,3
07084,2
54504,1
59135,6
44022,3
62812,2
07338,3
16286,4
32404,1
59153,4
09324,1
46330,3
53036,1
2A031,2
94021,4
16046,1
59455,2
09285,2
12224,6
38157,2
59258,1
81075,1
41029,1
72231,2
61394,1
72385,1
74016,1
21599,1
40197,1
04063,3
45082,6
92002,13
13019,5
43223,2
50167,2
50546,2
54272,1
02453,1
68051,1
38261,5
39390,1
58180,1
19164,3
19117,1
30155,4
24172,5
53003,4
14347,3
78372,4
38292,3
39230,1
94077,11
93039,2
63056,1
60256,1
37109,2
38336,1
44195,4
38483,1
29192,4
18063,1
69176,2
71266,2
34225,3
35212,1
29016,2
76325,1
78380,2
21461,3
79164,1
67282,1
07129,5
15202,1
33200,4
19192,1
27386,1
14620,1
49355,1
47045,1
03100,2
60178,2
33159,2
54062,1
91425,3
56255,2
60562,2
37270,3
85010,3
64062,2
51009,1
22177,1
73212,2
48105,2
66147,1
73329,3
55236,3
63225,1
88375,2
83128,1
22232,1
71162,1
37074,4
35317,1
33241,1
69177,3
85119,2
89013,2
78138,1
95625,1
44179,2
21502,1
59168,4
38150,1
11144,1
11041,3
56231,1
69277,4
71016,1
33013,2
16352,1
01265,5
60356,2
82131,2
2B145,1
22071,1
92078,2
03290,1
11285,2
42248,4
83082,3
47074,1
06148,4
17250,2
44114,8
52547,1
59600,1
97405,3
26162,1
2A108,2
35305,1
71420,2
30240,1
33229,4
88165,2
15092,1
62228,1
64528,1
76212,6
86100,1
15141,1
73003,2
97117,7
57370,2
25280,1
22115,2
08048,1
81204,1
27391,1
82062,1
80633,1
66183,1
92033,1
73253,1
72071,6
66059,2
77055,2
33049,1
63098,1
82167,1
01030,1
40122,1
27198,5
77022,4
86091,1
71513,1
54546,1
19138,3
12169,2
43084,1
64203,1
76631,1
66088,4
61023,1
74033,3
38490,2
21661,1
88467,1
60587,1
32274,1
10104,3
26085,1
50549,1
62104,1
15094,2
80678,1
29212,2
32421,1
04231,2
33550,9
60431,2
73297,1
56214,2
60025,2
2B101,2
33056,4
30159,3
22385,1
30085,2
04194,1
30136,2
29227,4
76456,1
16131,2
86083,1
09274,1
59018,3
63065,1
80791,1
74206,1
49343,2
64407,3
76397,2
50110,2
57089,5
09043,2
31364,1
43114,1
54197,3
17197,5
46182,1
79156,2
79148,1
01333,1
49008,1
33535,1
15140,1
11129,3
26074,1
40331,4
57443,6
41230,2
17168,8
82141,1
39176,1
27682,1
40200,2
35149,1
34049,2
64310,1
71145,3
77155,1
47054,1
74140,2
02191,1
91312,1
42245,1
85223,3
42112,1
61097,1
86298,1
03165,3
10333,3
47044,1
14207,1
69220,2
04122,2
58149,2
35291,1
16106,2
57666,1
70482,1
80186,2
66208,1
88292,1
28018,1
54314,2
09306,3
04134,1
33316,1
59081,2
85218,1
52115,2
37254,1
30018,1
43102,1
42076,2
24055,1
29119,1
26039,1
27044,2
61382,1
29272,2
55500,2
68044,2
47031,6
62563,3
87059,3
24569,1
68222,1
26036,1
16029,1
80345,1
86004,3
61484,4
71090,2
47233,2
07284,2
70451,1
68173,2
56259,2
77039,1
48038,3
22178,1
71149,1
77513,2
58214,4
23149,1
38384,2
2B226,1
25060,2
81308,1
04208,2
21485,1
59160,2
33296,1
15236,2
63453,2
01238,1
01288,2
68089,2
25197,1
71349,1
53262,1
29257,3
28415,1
85243,2
60106,1
62736,2
83041,1
54234,1
77016,1
38398,1
50629,2
57700,2
63298,1
58246,2
63315,3
11091,1
30027,1
25300,1
25062,1
36031,4
38128,2
38134,1
77258,5
59487,3
18223,1
39101,2
78089,3
51431,1
44144,2
35207,3
76568,1
62292,1
26298,1
22034,2
85081,1
73142,2
46185,2
59615,2
89284,1
76051,1
45200,2
87045,1
27587,1
04222,2
67187,1
42047,1
60188,2
80557,1
04189,1
66174,1
77295,1
21292,1
27306,2
2A186,1
71469,1
51434,2
39411,3
43177,7
78545,8
51465,1
59173,1
77222,2
02203,2
60542,1
63084,1
27183,1
63126,1
81271,2
35310,1
91376,1
01310,1
59450,1
53257,1
59029,1
52318,1
21135,1
41212,3
41150,2
67059,1
18160,2
77005,1
02706,1
18058,2
61074,4
82169,1
73116,3
17437,2
33262,1
60067,1
60221,1
14137,1
46045,3
59592,2
31248,1
59629,1
59516,1
78152,1
76020,1
63094,1
69214,2
74286,1
33483,1
27210,1
34147,1
80133,1
59488,3
34310,1
85198,1
80096,1
80124,1
02308,1
89007,1
19261,1
24300,1
39177,2
95199,9
2A312,2
85268,3
38545,1
02059,2
66166,1
42126,1
59669,1
24135,1
11305,1
63055,2
61208,1
58083,5
35292,2
34021,1
07076,1
42026,1
65341,1
82074,1
27161,1
57190,1
74185,1
31565,2
80212,4
44032,2
33506,2
81051,1
24516,4
66224,1
36165,2
36139,2
24025,1
35218,2
30294,3
87110,3
62250,3
30346,2
01102,1
35245,1
77161,1
59005,1
77194,1
13085,2
02563,1
70421,1
17350,1
22016,2
55427,1
58163,1
08402,1
21312,1
60155,2
26262,1
01313,2
76750,1
03103,1
50168,3
79170,2
62846,3
78043,2
54472,1
83097,2
29048,2
91525,1
31445,2
62684,1
14165,1
42247,1
37095,1
38215,1
36195,1
84111,2
19278,1
14726,4
49361,2
35105,1
2B250,1
97124,2
2B223,1
38354,1
31327,1
44062,2
72267,1
73197,1
60639,1
51025,1
59091,1
28082,2
01028,1
11195,1
30245,1
85031,1
51055,2
18159,2
74279,4
59269,1
72358,1
62531,1
64233,2
26315,1
79289,1
85182,5
14325,2
80832,1
50378,1
52348,1
15018,1
66009,2
89282,1
52165,1
22262,3
02719,1
44200,1
30290,2
88408,1
76271,1
12137,1
76305,2
86171,2
57218,2
77264,2
11332,1
45247,1
19134,2
62454,1
86272,1
43130,2
02073,1
33519,3
57655,1
33207,1
91215,2
30203,1
12100,1
80438,1
38111,1
08113,1
34024,3
24009,1
60482,3
07329,1
76545,1
2B054,1
44150,1
17121,4
21652,1
59613,1
22286,1
67066,1
37276,2
40233,1
87027,1
72221,1
76429,1
86292,1
76754,1
85171,2
71246,1
77493,1
72144,1
16153,1
19239,1
40124,1
62909,1
24364,1
30070,1
07192,1
91340,3
26119,1
51346,1
07253,1
40291,3
27684,1
57042,1
62423,1
71359,1
43185,2
30171,1
80260,1
46149,1
39362,1
60420,1
77116,2
50288,1
45193,1
69184,1
62792,2
58220,1
15164,1
12047,2
69098,1
37049,1
58057,1
09323,1
62793,1
56167,2
35247,1
60470,1
11315,3
58238,2
53124,2
17247,2
17310,1
73070,1
32463,1
28195,1
76291,1
71531,1
29045,2
52178,1
06103,1
24028,2
27302,1
34335,1
76002,1
72065,2
84088,5
60501,1
35217,1
70447,1
22204,1
45288,1
02163,2
03181,1
71100,1
16295,1
05122,2
22044,1
87129,1
74032,1
95257,2
83002,1
24550,1
91333,1
35084,1
22307,1
78528,1
56236,1
38459,1
71205,1
31413,1
31510,1
19253,1
65115,1
57588,1
61156,1
45002,1
91482,1
84149,1
22008,1
62254,1
25271,1
71220,1
22110,1
85017,1
71319,1
72211,1
38446,1
31135,3
27174,1
23164,1
89102,1
58002,1
62649,1
86242,1
07291,1
64475,2
59388,1
68130,1
43265,2
12104,1
57659,1
51530,1
27422,1
50210,1
17185,2
44053,1
57474,2
85142,1
59108,1
63177,1
62087,1
59142,1
08448,1
63341,1
08183,1
16424,1
62474,1
27227,1
29208,1
73179,1
78502,1
22239,1
72047,1
18265,1
24015,1
68258,1
62220,1
77018,1
46213,1
66002,2
18211,1
24396,2
2B034,2
51058,2
60456,1
15147,1
89332,1
36014,1
14557,1
68090,1
31229,1
38006,2
52398,1
35075,1
47095,1
17316,1
22140,1
66178,1
12254,1
21474,1
46320,1
85014,1
43213,1
44152,2
77003,1
36134,1
30001,1
62904,1
72205,1
38300,1
82195,1
32466,1
87146,1
01448,1
62626,1
42003,1
85177,1
37012,1
12213,1
95504,1
41031,1
21003,1
84134,1
61211,1
77035,1
62081,1
59032,1
38405,1
16019,1
63143,1
90021,1
22296,1
2B188,1
43208,1
58151,1
59114,1
81222,2
80464,1
47161,1
07339,1
23001,1
57498,1
03257,1
15118,1
39505,1
88317,1
2B238,1
24505,1
79150,1
49201,1
74253,1
28419,1
68152,1
80353,1
71555,1
76334,1
63281,1
76240,1
85297,1
35251,1
22391,1
57696,1
45069,1
17342,1
54575,1
17302,1
18083,1
02238,1
35009,1
78057,1
63301,1
85246,1
53180,1
76367,1
07194,1
29224,1
07028,1
54351,1
43156,1
83138,1
25159,1
43212,1
69009,1
26206,1
41085,1
33465,1
38058,1
43118,1
68352,1
74304,1
21401,1
05134,2
45026,1
66175,1
59211,1
82027,1
11310,1
08214,1
08078,1
21344,1
77440,1
24425,1
29107,1
46334,1
60702,1
35007,1
44096,1
43239,1
45282,1
68072,1
64067,1
82101,1
06016,1
84130,1
47269,1
15218,1
04104,1
38377,1
64133,1
66103,1
16348,2
95149,1
80606,1
78302,1
03236,1
31356,1
01179,1
60355,1
83051,1
80495,1
74146,1
34135,1
07055,1
73160,1
70513,4
87083,2
84035,30
08175,1
27403,1
97112,7
92024,52
47115,1
62024,2
71543,14
54431,14
30334,11
54395,129
56091,8
35189,3
97129,5
62045,2
63430,18
06120,9
15061,2
15082,2
34301,79
26362,101
97213,16
54263,4
65295,5
35352,3
92026,36
01021,1
12226,2
02805,4
84007,85
01302,1
24067,5
50502,22
43260,1
56121,103
50393,3
67095,4
06123,24
12096,15
12050,3
69143,6
76319,3
05046,10
62866,1
66172,4
44210,6
35168,7
38524,1
61001,26
59606,66
34111,8
31464,1
75112,153
88506,1
62041,76
76222,3
56172,4
92075,9
59136,9
07273,1
68067,1
36236,1
45068,7
71342,12
85294,13
71495,1
56102,4
19272,16
74208,4
24004,3
89096,1
49026,3
49114,1
59599,54
03224,1
60578,1
38238,2
56083,16
59205,8
97414,16
27679,9
29028,4
33505,2
35092,1
73248,13
86024,1
30255,1
51644,2
51244,1
28236,1
17110,1
67437,5
22013,4
25367,4
33198,3
12270,4
92044,35
51162,1
50407,1
41275,2
36159,2
42237,5
57288,3
23247,2
38294,1
56055,5
30039,1
55502,5
92062,19
59178,58
21099,1
58064,1
62160,86
62427,29
32256,5
56074,2
62811,3
83063,4
69056,3
33352,9
89016,1
84050,2
80827,2
19136,3
57123,2
33221,1
80001,31
07165,2
30010,12
12089,7
62119,42
10343,8
67462,9
01225,1
13088,9
52280,1
33529,27
2A019,1
45083,4
17079,2
57606,20
14143,3
28104,2
2B303,1
29281,2
23087,3
17027,1
17294,1
17468,1
79265,1
79301,1
40211,1
47277,1
64493,5
04070,19
04086,1
05132,3
13026,10
74091,3
45148,1
43189,3
62753,3
76597,1
36168,2
40065,14
13112,2
13014,11
12223,4
89254,3
37267,1
08327,2
71282,2
15196,2
08254,1
84038,4
22236,1
62083,5
97701,20
03197,1
78172,17
35106,3
38253,40
80415,1
53005,2
74272,3
93005,37
50218,24
04066,1
51230,40
22121,3
37194,2
16171,1
83008,2
22054,10
83115,19
42120,1
83121,5
22375,1
38548,15
69282,7
76709,4
73094,4
05085,8
39013,7
95052,5
37006,1
16060,2
45232,6
35143,1
42207,27
95476,2
26261,1
71150,3
86258,1
44084,5
27448,6
53150,1
2B042,2
92063,27
62775,1
17031,1
44055,30
02810,8
63286,1
29254,4
95523,2
17333,10
64335,11
63073,1
26330,1
93014,13
41155,1
68063,8
10323,7
35030,1
78092,5
87028,5
29030,6
94081,36
22083,1
05170,3
84017,6
66016,7
91226,3
78383,6
59504,3
37104,1
40133,3
14659,2
60172,5
17414,3
34332,13
35236,16
58241,2
30291,1
12208,10
27275,7
85113,15
49050,5
16064,1
06121,5
37233,14
42159,5
50269,1
33447,2
59653,3
02064,3
35097,1
44015,8
56239,3
71040,7
42279,10
91521,7
71545,1
25388,18
60088,5
30216,1
56070,2
85051,3
89446,2
77458,8
71310,2
37193,2
35064,3
01282,1
07071,3
43149,1
03186,1
77309,1
85061,1
56178,19
35278,4
49367,4
92077,3
42186,13
59648,2
10061,1
83054,3
95219,10
24050,1
66190,3
16244,2
78640,8
66227,1
61466,1
76654,1
08445,1
28214,4
24253,3
50252,2
12215,1
59056,1
15138,5
59024,2
35345,1
89136,1
44190,8
12120,4
16225,2
72280,2
02521,1
33167,3
22171,6
53154,1
29091,3
94048,1
95487,5
69157,4
04145,1
49347,4
63247,4
17161,5
62667,18
53062,19
35222,1
08363,7
59385,2
50082,5
29040,4
25411,4
08107,1
56234,12
17028,5
65282,3
79079,8
95177,1
80649,6
01354,6
53007,2
76178,2
74225,12
66085,1
78624,8
31011,1
23124,3
19146,2
77159,2
2B329,1
57219,1
12026,1
59400,7
97132,4
2B166,1
59055,1
62188,3
68338,4
74287,2
17224,2
2B153,1
29204,2
30266,1
03302,2
84080,8
07009,2
29189,9
13035,3
05157,2
50417,2
59293,1
26045,2
45126,1
2B192,2
57067,1
73079,1
80718,3
22031,1
29266,4
59491,8
94016,7
76315,1
72080,2
89460,3
02215,1
85034,5
69154,1
83031,3
13040,2
66127,2
63269,1
57206,3
67447,8
87032,4
2B342,5
57499,1
33075,4
64410,5
10313,2
30243,5
14085,1
30341,9
60135,1
21408,1
02114,2
60408,1
86140,4
91363,4
95392,1
35047,6
85021,2
15255,2
43012,5
38467,1
44168,3
78350,4
62025,4
63351,1
38034,6
38347,2
69037,2
69060,2
69188,1
51398,1
14289,1
14371,6
25525,1
26211,2
28171,1
80262,1
11174,1
10326,1
17380,6
17297,4
60007,1
71230,5
80228,8
94058,23
63457,3
07346,4
94071,10
49353,9
87001,2
07280,2
87011,6
86174,1
27425,5
38280,2
79061,3
87065,3
43162,4
37161,1
84070,3
33300,2
42275,7
67371,1
38199,2
51507,6
17434,6
72088,2
97801,12
44038,1
47201,4
97203,3
07023,3
26064,12
43079,1
38176,1
83107,12
81289,2
43137,6
14530,2
64513,4
17485,2
2B313,7
87103,1
16154,4
80163,1
77455,2
59253,3
28103,3
22210,4
67412,1
60299,1
95277,7
30277,2
69287,3
49373,6
35204,1
21611,1
97404,6
60609,1
26332,2
06075,5
56026,4
50076,6
61300,2
60350,1
58227,2
53152,2
33097,9
84072,4
44194,3
61326,2
07319,5
15117,2
93010,20
30202,9
45291,1
78442,2
88101,2
05101,3
15097,2
28116,6
58109,2
40306,1
63331,1
24443,1
37279,1
33042,2
60026,1
61038,2
56140,4
73215,5
15181,2
43016,3
35361,1
13048,3
10268,6
38273,1
13084,3
34239,5
24581,2
54167,1
43153,2
71117,1
74210,1
50496,1
94053,2
02340,4
63121,2
44091,1
78297,3
30020,1
19180,2
50425,1
46311,4
02738,5
51525,1
59391,1
22037,3
50074,4
93030,3
22226,2
30005,3
88390,1
59291,5
29168,2
31149,4
03299,3
03245,1
62249,1
59545,3
95607,6
61258,4
61168,8
24128,1
67261,1
66225,1
43097,1
45203,8
91405,5
05065,5
51291,1
22021,3
44018,3
60005,1
33203,10
38082,4
41034,1
40282,7
86139,2
2B246,1
19285,3
21317,1
18207,5
30152,2
43003,1
27213,1
72029,1
62604,6
37043,2
17208,2
26232,1
17395,1
28269,2
54533,3
28332,2
15213,1
34094,1
95250,5
50274,1
49183,5
56069,10
03068,1
22218,6
38182,3
97410,8
80779,1
2A133,2
57047,1
59603,6
59301,1
43155,1
44215,7
56148,1
03138,5
16146,3
59105,1
22200,2
14181,3
39041,1
55553,1
30305,4
03013,3
68135,2
70520,1
12079,1
43168,1
66004,5
65362,1
64424,3
72184,1
29210,3
65192,7
74201,2
27196,2
69094,1
62666,2
27127,1
14384,5
2B236,1
22193,1
30029,3
42222,4
59609,1
80296,2
38378,1
02558,1
35134,1
81209,1
69067,1
33366,3
55366,1
59481,7
60102,2
03229,1
35177,8
78126,4
45133,1
41075,1
62177,2
59204,1
01283,15
94074,1
73298,1
61213,1
28006,1
79034,2
73128,2
44101,4
51333,1
78062,4
59467,2
42085,1
02112,1
84071,2
56222,2
67407,1
71333,1
44174,1
43135,5
37246,1
69062,1
61278,2
31029,3
62261,6
04094,5
85287,1
03297,1
50256,4
54116,1
80131,2
54065,1
63312,2
67442,1
07199,2
50058,1
01289,1
68042,3
87024,1
37205,1
59564,4
42304,6
67543,1
85161,2
2A089,2
56249,2
74148,1
36142,1
11324,1
15088,1
77047,1
78501,1
41040,2
62899,4
34064,1
34011,1
77142,3
38399,8
85035,9
35296,2
74186,1
17308,2
58096,1
97108,5
27011,1
38174,3
28051,5
60030,2
04226,5
01451,1
62164,4
82026,3
81201,1
31429,2
37173,1
17283,4
33051,5
63283,2
28403,1
71378,2
58129,1
49301,13
63010,3
43020,5
56111,1
06005,2
23209,2
41158,1
15208,1
41004,1
38138,6
57309,1
59471,1
50078,2
05003,2
68014,1
71512,2
59137,1
59004,1
56086,4
02298,2
80146,1
60277,1
73130,1
64142,2
68060,1
62361,5
34158,1
83048,5
22380,2
88158,2
97130,1
2B047,3
62598,1
25053,1
88470,1
86041,3
08140,3
14658,2
47028,1
85096,2
32162,1
63046,2
48148,1
59485,2
59451,1
27591,1
21336,1
62567,2
22379,1
06130,2
15119,2
62300,2
2A349,1
09071,1
72002,1
58065,3
29109,4
27202,1
91315,1
31205,1
31144,2
73092,1
62075,1
78349,1
26370,1
82148,1
53229,2
04172,1
76599,2
22234,1
35315,1
56094,2
73201,1
49228,3
51217,1
74241,2
35078,2
13067,1
22094,4
27278,3
28012,3
12033,3
77363,2
90072,2
94070,1
01301,2
22217,1
61292,2
51105,3
16148,1
24453,1
68275,1
81276,1
22165,1
54051,1
38097,1
79014,2
60313,2
30206,3
73088,3
85151,4
31142,1
36207,1
46130,1
31523,4
72239,1
14396,1
59285,2
63020,1
07295,2
29015,1
50576,1
77291,1
81298,1
37062,1
91122,3
89151,1
54184,4
38536,2
59313,1
69035,1
02498,1
54014,1
59181,1
38348,1
66145,2
17329,1
56088,2
12154,3
65435,1
52550,2
76244,1
10278,1
09042,1
57727,1
38340,1
86014,1
66222,1
52247,1
46143,1
62724,3
67281,5
12289,1
33244,2
61421,1
62638,1
07117,1
62321,3
71097,1
64063,2
2B072,1
03238,1
23041,1
38314,3
48187,1
2B347,1
18233,3
50081,2
63179,1
42077,1
62442,1
74137,1
05177,3
52250,3
13075,4
37170,1
79083,1
97202,3
43154,3
47246,2
54064,1
47247,1
97208,2
16264,2
21187,1
25240,2
35172,2
49223,3
12157,2
66231,2
62376,2
34256,2
17127,1
56252,2
91540,3
67011,1
64261,2
60340,1
03274,1
06132,1
56066,5
68368,1
62060,3
80136,2
42041,2
17074,1
81309,1
85050,1
54304,1
59559,1
28363,1
2B353,2
35137,3
71440,2
89344,6
62519,3
21346,1
42285,7
95060,3
11263,1
17113,1
60143,2
83023,10
40234,1
63454,1
66114,1
24086,2
78118,2
23066,1
38158,1
24071,1
68026,1
16199,1
62276,1
19033,1
03279,1
56123,2
73318,2
63066,1
28098,1
22347,2
59459,3
32290,1
63148,1
89345,2
62438,1
42039,1
78346,2
09334,1
56171,1
53211,1
89311,2
77219,1
56209,2
59645,2
59314,2
28047,1
76610,3
62497,2
33543,1
30014,1
35076,4
38149,1
12199,2
33186,1
62297,3
35174,1
34162,2
01249,3
50184,1
19051,1
27389,2
76727,1
36119,1
15127,1
16061,2
42174,3
29255,1
09139,1
08318,1
11190,2
62307,2
31026,2
07011,2
34187,1
17309,1
24081,1
08331,1
45297,1
60526,1
68138,1
44058,1
16292,3
52331,1
76043,2
91235,1
82050,1
76497,1
76136,2
77126,1
39543,1
01095,1
64477,2
07236,3
48097,1
76564,1
48031,1
31417,1
49067,1
31193,1
59452,2
69276,2
27438,3
72334,1
22030,1
01109,1
37091,1
24066,1
64015,1
59209,1
01071,2
22365,1
86121,1
42056,6
70278,1
81182,1
84051,1
59466,3
76123,1
62848,2
22056,2
59349,1
43227,1
30158,1
66039,2
42208,1
73138,1
15114,3
68036,2
51436,1
17164,1
76302,3
31433,2
64485,1
11140,1
57412,3
25025,1
24247,2
87038,1
21564,1
21214,1
35210,4
60325,2
66149,3
58231,1
22196,1
41104,2
56096,4
37098,1
59089,2
29082,2
53098,1
51562,1
76457,1
54129,1
59007,1
59079,1
15192,1
49090,2
25131,1
44087,2
37008,1
22149,1
29250,1
25424,1
86032,1
41276,1
27299,4
60567,2
31032,1
07034,1
69260,2
33014,1
14465,1
03170,1
11344,1
64081,1
50453,1
02524,1
77085,2
2B355,1
71009,2
63425,2
64268,1
56170,3
63393,2
39095,1
81031,2
42093,1
79104,1
97134,2
56120,2
57574,1
59144,1
11347,1
12250,1
17077,1
97219,1
66223,2
86273,1
86005,2
12133,1
86287,1
60187,1
79130,2
89014,1
70445,1
02757,1
24482,1
45103,1
63407,1
62230,1
54312,2
84103,2
53163,1
74058,3
25616,1
09245,1
67535,1
03069,1
33165,1
31470,2
85153,2
63013,2
27064,1
68309,2
50049,1
59351,1
38175,1
59363,1
10299,1
19076,1
41249,2
25526,1
34289,1
17397,2
76141,2
87105,1
76614,1
34073,1
36101,2
77168,1
59369,2
61008,1
47180,1
67098,1
63228,2
84078,2
77268,1
2B233,1
41070,1
80444,1
60398,1
91600,1
33355,1
76552,5
31375,2
12113,1
53250,1
39436,1
80808,1
14299,1
33376,1
91274,1
15228,1
31299,1
31484,1
43056,1
57261,1
12074,1
59165,2
87078,1
36038,1
38311,1
2B140,1
25262,1
56131,2
43062,1
71344,1
79105,1
74194,1
76387,1
49163,1
01255,1
89341,1
63231,1
69001,1
64317,1
43230,2
77277,1
06084,1
72064,1
64230,2
22271,2
30191,1
69241,3
25400,1
18029,1
07122,2
67377,1
88442,1
62003,1
89199,1
05031,1
66078,1
89186,1
44199,2
11303,1
58006,1
11221,1
60644,1
34217,3
12118,1
76594,1
65069,1
24519,1
27582,1
14147,1
36131,1
21458,1
53132,1
35268,1
51196,1
81313,1
38345,1
04157,2
16073,1
53264,1
28357,1
78029,1
85216,1
69255,1
23018,1
27015,1
57607,1
70324,1
60065,1
34127,1
38566,1
45049,2
53197,1
47307,1
60240,1
49362,1
30339,1
41207,2
01390,1
33026,1
62393,1
76203,1
34045,1
59329,1
77143,1
01314,1
86152,1
04116,1
10349,1
01141,1
68232,1
16104,1
24444,1
84139,1
42100,1
89238,1
06089,2
59250,1
65054,1
77344,1
34241,1
02126,1
23262,1
71087,1
62601,1
34313,1
42223,2
63320,1
77465,1
80443,1
28130,1
79080,1
01320,1
71157,1
56129,1
59038,1
28108,1
35175,1
88011,2
12288,1
32019,1
08385,1
38035,1
34160,1
41032,1
37073,1
54176,1
26323,1
58168,1
67089,1
19070,1
36193,1
79267,1
62233,1
88128,1
66144,2
24405,1
35082,1
45298,2
05064,1
45010,1
47055,1
54297,1
09289,1
68129,1
50095,1
56247,2
74195,1
73053,1
25519,1
42308,1
89083,1
47005,1
04036,1
61141,1
24227,1
81112,1
03084,1
58207,1
15156,1
33284,1
11092,1
56221,1
01001,1
24140,1
42200,1
82049,1
34050,1
12286,1
05168,1
85301,2
40155,1
01383,1
11013,1
30069,1
58217,1
49076,1
67308,1
08419,1
45333,1
2B356,1
63081,1
51609,1
26083,1
30219,1
64046,1
62260,1
59539,1
77433,1
80364,1
60284,1
79029,1
74205,1
78530,1
59073,1
80677,1
67386,1
38019,1
56039,2
71489,1
62354,1
08412,1
14675,1
34176,1
14309,1
40139,1
28110,1
34237,1
33448,1
27665,1
55573,1
44207,1
27242,1
59113,1
36010,1
26103,1
74172,1
91435,1
28251,1
63319,1
46057,1
78171,1
84045,1
89179,1
63138,1
87067,1
13006,1
01163,1
61350,1
52058,1
27074,1
77315,1
06026,1
11258,1
03205,1
07229,1
79239,1
49109,1
30173,1
27565,1
02186,1
17375,1
69156,1
08191,1
87113,1
52123,1
54563,1
86063,1
34165,1
17082,1
59608,1
14407,1
12129,1
17285,1
77162,1
50044,1
10256,1
35027,1
49240,1
09264,1
19014,1
67313,2
14220,32
75105,158
69382,119
05040,5
13001,105
71360,2
21152,1
56041,4
80021,143
60447,1
62251,1
63040,8
97103,17
46102,20
28206,1
06044,2
14437,9
57672,68
51454,148
33492,2
03048,2
75119,149
2B150,1
49219,1
59122,62
63305,3
07132,6
29081,9
17146,3
86194,82
77086,1
36063,4
04163,2
36033,1
14333,30
59017,17
63184,1
88484,1
07224,3
75114,110
89212,1
73304,22
2A209,2
62610,2
62005,1
27375,23
71445,6
14754,9
35288,76
31555,335
29198,1
07042,10
39198,35
12145,23
18141,5
19031,63
39526,1
13103,33
56254,2
13201,213
22117,1
11262,46
38416,14
67048,1
17140,4
15014,56
10081,5
64483,30
17022,1
84074,3
57623,1
49307,5
04046,1
24144,1
60159,54
69386,69
35164,1
22278,70
57240,15
62443,3
62826,27
2A041,12
62896,1
44132,28
38087,3
49328,42
06029,146
30128,2
2A142,6
56004,5
75118,306
48132,5
22325,11
40304,24
72119,1
13050,9
03237,1
78423,8
62043,2
59447,5
94034,3
92035,14
69206,4
04209,14
77243,14
89024,50
29151,29
56160,1
62534,5
45004,8
73306,5
26313,1
95598,11
01244,8
29024,12
95323,4
78621,6
27681,20
40102,2
54111,1
59392,21
01351,2
07064,9
35136,5
79337,1
72013,1
84019,12
91477,14
37247,1
60575,3
39128,2
86160,1
92060,8
14118,166
77058,11
51242,2
38544,31
59104,3
28089,4
59663,2
29068,1
69286,7
23208,2
06083,38
31165,3
22014,2
12176,8
2B096,26
36108,1
32079,3
07201,7
34023,10
06027,25
41101,3
40296,8
21497,1
69283,1
83126,36
17124,1
17469,1
79140,1
79183,1
79244,2
24462,2
33095,1
33227,6
33480,2
47024,1
2A276,5
66014,3
40088,45
14047,17
74264,5
85215,1
36088,9
59431,4
23076,5
06155,37
93006,24
91687,13
31066,1
94042,5
22048,2
69202,5
34114,8
69289,6
77169,2
66003,8
45208,21
76394,1
65235,5
22338,2
97412,10
28085,38
50532,6
65059,22
76378,3
56186,18
86130,1
59187,1
26124,3
67033,2
08362,9
24335,1
97210,5
83086,11
59576,2
83050,37
76276,4
94002,26
62371,2
71475,2
50003,7
38315,8
69384,44
84044,2
33177,2
29280,3
17003,1
04001,2
59084,4
78267,1
32012,1
13007,6
62523,6
38190,2
14117,12
29085,3
86297,1
30032,9
43040,15
77173,1
95680,8
21710,2
84142,3
70550,17
83068,8
63042,1
39500,2
33192,4
85089,1
48198,3
78310,6
45040,1
45155,15
14277,2
09261,5
02237,2
10151,1
42095,25
79123,1
76700,5
13024,2
02307,2
38386,5
48158,1
87071,1
78620,2
34259,1
13042,8
06114,2
07126,2
62037,1
63258,1
08298,2
64359,1
39478,15
83153,6
77316,6
23168,2
59282,2
22299,1
79005,3
53048,2
62270,3
34324,11
50594,1
52269,5
95252,8
50118,1
69066,9
50509,1
73314,1
12249,1
24376,5
12094,2
41290,1
78005,10
91345,6
13044,5
69069,2
33330,2
30174,2
59180,2
29108,3
54099,6
76258,3
24356,1
34058,3
97311,8
43159,4
62560,5
37200,1
82093,1
05145,2
43113,2
54029,1
74083,5
07281,9
88516,11
35228,6
34057,9
30311,6
12052,3
22280,2
22138,1
27339,2
17411,2
43112,6
28061,4
05096,11
77082,2
58102,3
42256,2
60010,2
08302,3
81220,3
77067,3
31547,4
44069,16
74040,3
59571,6
76655,7
31182,3
13046,3
84082,3
23039,2
64350,1
88209,6
38423,2
50099,12
56047,1
38333,1
63338,3
97225,7
64448,2
2B016,1
64304,1
97104,1
40119,8
59321,2
10051,1
62473,4
58152,1
59522,2
49377,5
05166,2
17143,1
56101,9
89414,1
59284,4
69030,1
88181,4
95594,2
40246,1
80368,6
26339,1
60601,2
65241,2
38191,12
42079,1
34151,2
68112,13
2B213,1
83004,8
33122,6
07181,3
60278,1
60534,1
37208,8
61214,16
59163,12
29267,2
57039,4
07068,2
02543,3
43234,4
02334,3
05007,2
69027,6
77153,5
76026,3
47001,46
16211,1
71219,2
17483,4
55364,1
80688,4
59482,5
53080,1
30263,5
01370,6
72143,5
66050,1
57482,1
08162,1
14556,1
32181,2
43078,3
79174,4
97611,6
41134,1
53232,1
85189,2
45179,1
28280,10
85004,4
16001,1
13094,2
62014,8
60086,2
02003,1
28070,1
27358,1
12156,3
10034,5
58046,3
52121,14
66212,3
59016,1
51506,4
76469,1
85147,1
95331,1
34079,10
70245,1
01004,10
01129,1
01269,7
38071,3
18050,2
24557,3
42075,1
13118,2
59099,2
55476,3
04034,1
68149,8
08185,5
36171,2
17323,8
34254,1
66104,1
69290,8
26006,1
53123,2
83085,1
90068,1
57658,1
34337,5
62573,2
77514,11
13113,6
89130,1
22046,8
35037,4
59584,1
27622,5
33494,1
25527,7
71190,2
69031,1
26289,2
42283,1
76159,6
83124,2
45046,1
82032,1
92009,9
29135,6
47280,2
46187,1
13105,3
59444,1
77192,4
74123,3
84049,2
81069,1
91691,5
63352,4
56139,3
77014,6
08076,2
72138,3
85206,1
55463,6
51185,2
62480,1
27051,4
51136,3
62502,2
60282,4
76636,1
22384,3
63103,8
48095,10
57663,3
02141,4
14755,3
77131,11
04061,2
69270,1
56001,5
06010,3
14354,2
03025,1
59614,1
44106,4
11311,1
07029,1
14764,3
17221,2
82155,4
30259,5
92051,19
81224,2
36046,6
88429,5
53128,1
74267,7
29213,2
59419,1
22135,3
90009,2
88367,2
08328,3
84141,4
14739,2
71307,1
39017,1
04006,7
42110,5
09268,1
25237,2
27500,2
62751,2
22341,1
34126,5
49215,5
22166,3
49221,1
63255,4
17452,8
06144,1
42001,1
60446,2
56263,3
08133,1
14191,6
64289,1
74163,4
71499,1
77276,1
42103,4
62048,11
38189,3
50391,1
58182,3
77373,11
80265,1
58044,1
22134,3
24102,2
01322,1
10067,1
95306,6
80650,2
45244,1
24210,2
60441,1
14150,2
45075,4
48075,4
43004,1
98818,2
27076,1
77114,2
83111,3
50484,16
69271,2
35287,6
85162,3
2A131,2
02167,1
57678,1
57289,1
32166,1
77419,3
18138,1
67345,1
24120,2
59022,1
59203,2
36224,1
97307,2
36021,1
42262,4
62813,1
15160,1
68218,1
62844,2
21335,1
73161,1
33437,2
81037,2
40249,1
41157,1
43048,2
19255,2
11431,1
57122,1
11215,3
53185,2
27701,4
66032,1
59318,2
17145,1
44035,5
50030,2
55001,1
2B172,2
01306,3
08119,1
35193,2
56184,5
74082,4
35165,1
84140,2
80555,1
67061,1
05140,1
25261,1
04160,1
62040,11
25323,3
73023,2
79048,2
78562,1
41097,2
34008,1
12234,1
32319,2
70548,1
43077,3
58278,2
03298,5
67458,2
25127,1
43046,2
76373,1
22353,5
43150,2
90075,1
69107,2
62359,1
91044,3
07040,3
21554,3
87049,2
82013,1
85015,1
83058,3
59634,1
53162,1
77269,2
66028,4
43200,2
95395,1
77438,2
87126,4
65320,2
27065,4
81105,6
12248,2
71213,1
85095,1
26108,9
79049,13
61464,6
41109,1
59127,1
71029,1
06137,2
73004,3
51546,2
17051,4
26295,1
11428,1
49220,2
38289,3
52208,1
41271,1
59132,1
94015,6
29021,7
25405,2
35176,8
58245,1
22333,1
89274,1
92047,1
31561,3
71460,1
42043,2
28122,2
01110,1
49055,2
56219,1
80726,1
66213,2
72289,2
61486,3
61167,4
33140,3
77051,4
12198,1
2B252,1
61491,2
37133,1
82178,1
77231,1
77148,1
29064,2
88123,1
55228,2
37124,1
32425,1
11293,1
78117,1
31001,1
23061,1
61483,5
2B218,2
77272,1
63464,1
2B182,1
22174,1
56014,1
81036,1
17106,1
23032,1
06032,2
37196,3
67420,1
67465,1
27623,1
06013,1
76551,1
62580,2
02530,1
28343,1
44056,2
34052,1
81014,1
68150,1
53035,1
09070,2
31574,1
44086,2
89418,3
12048,2
18018,1
02492,2
72253,2
2B305,2
19237,1
19028,10
88009,2
57095,1
17406,1
31246,1
59265,2
56077,1
02555,1
41192,1
77045,1
42163,1
62870,1
34235,1
57097,5
02397,1
82134,1
54425,3
51165,1
59226,1
59499,2
08420,2
49018,12
49174,1
49359,1
17330,1
63308,5
97204,2
44075,2
03174,2
91135,1
63306,1
27105,3
47316,2
14020,4
67553,2
64547,4
56228,3
50436,1
88341,1
76648,3
36113,1
38163,1
91589,12
83045,3
66230,1
21171,2
81221,1
51559,4
06154,2
60150,1
59387,1
56246,1
59336,1
38033,1
10267,1
12251,1
24352,4
50481,2
77061,1
59041,2
70011,1
04084,1
02648,2
77138,1
2A038,1
48168,1
72228,3
16025,2
19057,1
50111,1
21445,1
30344,3
55198,1
35260,1
78217,2
66015,2
59587,1
16220,1
14230,3
85070,2
77517,1
87101,1
56080,2
2A035,1
27082,1
44166,2
59591,1
10142,1
04017,1
74143,3
44002,1
05095,1
72262,3
56003,1
38562,7
62086,1
78591,2
30041,2
07061,1
40213,1
16023,1
44119,1
29170,1
63076,1
81018,1
29285,1
84106,7
56090,5
01074,2
40181,3
21535,1
18156,1
62728,1
59581,1
72124,3
21590,3
59331,3
53144,1
64284,2
30211,4
42091,1
51365,1
04188,1
91553,1
60382,4
37211,2
31230,1
51432,1
63265,1
23242,1
62827,1
38193,2
19039,1
48005,1
11086,1
13066,4
29007,2
23093,1
89338,3
62489,2
81076,1
42068,1
42073,4
42066,2
42214,2
35299,4
2A240,1
43086,1
03006,1
15265,2
68262,2
40190,1
28132,1
56137,1
63267,1
02444,1
47209,3
62693,1
64038,1
30170,1
64482,1
26057,5
40136,2
72115,1
35273,2
09280,1
58276,1
59598,2
21076,1
84002,1
24197,1
45187,3
38543,1
22263,2
60034,1
58062,3
67028,2
59456,3
44123,1
21568,1
45173,4
28226,1
44108,1
85003,3
80360,1
02058,2
44029,3
72335,1
61077,1
62557,1
80446,2
49352,1
29041,4
02292,1
83038,1
62861,2
28302,1
17318,2
38172,2
83091,7
21050,1
27431,3
78263,1
78133,1
23139,1
69092,2
86129,1
12209,1
04065,1
25463,2
2B147,1
40150,2
22304,1
33289,2
80100,1
59418,1
87040,1
62258,2
31431,1
56018,1
02430,1
86147,1
17136,1
63450,1
61444,1
62865,1
47142,2
36123,2
40062,1
17008,2
87202,1
60505,1
88263,1
23193,1
60610,1
38557,1
07309,4
10049,1
44025,5
72054,2
44045,1
50591,2
03047,1
30217,4
19055,1
22294,1
38381,1
76447,8
89369,1
36126,1
46177,1
85176,2
72216,1
14454,1
86019,2
16138,1
13032,2
62252,2
64540,1
12076,1
03101,3
34182,2
38004,2
39102,1
33124,1
27568,1
62341,1
06065,3
53063,2
77317,1
24532,1
60001,1
21132,1
87188,1
89287,1
34090,1
47051,3
29201,2
78382,2
41135,1
95450,2
78537,1
37066,2
38404,1
73073,1
29300,2
2A200,1
56215,4
59463,2
56177,7
31023,1
12266,1
16307,1
02684,2
01228,1
24241,2
83079,3
27067,2
14066,1
27311,2
03102,1
13099,2
42315,2
24296,3
72309,1
59424,1
72177,1
44090,1
49323,3
57381,1
42139,3
02295,1
74255,1
35077,3
44009,3
22376,2
06099,3
40069,1
40123,1
44013,1
11151,1
34226,2
42140,1
32026,1
32187,2
32306,1
32371,1
32370,1
35333,1
21419,1
86255,3
34166,1
91080,2
88225,1
29014,1
87090,1
63455,2
87095,3
50473,1
95134,3
22183,4
09224,1
59130,1
41025,2
31160,1
95211,1
72276,1
14475,1
93074,1
36164,1
06022,1
56146,1
79184,2
62758,5
64324,1
07099,2
77516,1
11220,1
14332,1
61352,1
37159,2
56020,1
72369,1
11132,2
50209,2
30006,5
65077,1
59256,2
53271,3
87131,2
59612,1
69192,1
67415,1
29264,1
38343,1
12252,1
57601,1
08037,2
48032,1
62139,2
09181,3
76596,1
60558,1
59276,2
24355,2
82136,1
53190,1
59528,1
80095,1
17058,2
80060,1
62766,1
25157,1
95008,1
59476,1
27151,2
74166,1
02508,1
84032,1
91106,2
83003,2
43019,1
60039,1
42040,1
35108,1
04237,1
63296,1
17256,1
59196,1
40175,1
08194,1
94059,2
45280,1
47027,1
81307,1
42312,1
24340,1
07066,2
62703,1
42069,1
49126,1
91232,3
67004,1
31186,2
63035,1
67551,1
95094,1
02780,1
89018,1
08173,2
63240,1
35263,1
34033,2
2A090,1
81192,1
41295,4
31220,1
41154,1
35224,1
07102,3
86265,1
71382,1
59390,3
19091,1
94001,2
61163,2
10114,2
82044,1
39413,1
03066,1
49381,2
04161,1
63165,2
22281,1
14278,1
28102,1
23150,1
56122,1
21284,1
62632,1
62190,1
69273,2
40220,1
2B244,1
62256,1
19252,2
36180,2
74193,1
30347,1
64342,1
22023,1
73230,1
57651,1
03235,1
24553,1
59508,1
54081,1
85181,1
60142,2
38203,1
59633,1
76492,1
71371,1
74200,1
54505,1
62340,1
02504,1
14079,2
56105,1
28385,1
69205,1
27286,1
95612,2
69166,1
34279,1
01195,1
26004,2
13079,1
53237,1
22337,1
37083,1
15155,1
70404,1
53226,1
38226,1
01022,1
44115,2
76715,1
24571,2
04053,1
25410,2
26128,1
06122,1
59129,1
45202,1
32209,1
44183,1
11321,1
89198,1
63080,2
54296,1
79225,2
53079,1
37152,1
76297,1
38094,1
95409,1
10148,1
70388,2
14571,1
49333,1
44206,1
24331,1
84118,3
37197,1
24529,1
71542,1
53053,1
81294,1
73121,1
03247,1
46243,1
54150,1
50519,1
74031,1
86015,1
62491,1
28079,1
35290,1
16390,1
38533,1
54362,1
01357,1
31113,1
72024,1
08145,1
35124,4
81171,1
81303,1
97214,1
2A204,1
79299,2
64487,1
12059,1
73030,1
29136,1
81168,1
85247,1
22086,1
45194,1
2B319,1
21501,1
76379,1
03055,1
62609,1
01187,1
60364,1
53246,1
71094,1
54476,1
63404,1
33088,1
26329,1
72245,2
46051,1
45274,1
41231,2
02061,1
01096,1
11172,2
24229,2
59023,1
35025,1
50356,1
39460,1
39547,2
71453,1
68175,1
64426,1
11259,1
76646,1
47181,1
24001,1
16350,1
03032,1
88531,1
41046,1
53260,1
51237,2
04012,1
54400,1
69090,1
09161,1
64546,1
57742,1
54025,1
80680,2
51662,1
44133,2
27396,1
69051,1
54403,1
95142,1
80752,1
53247,1
83017,2
12260,1
64130,1
46232,1
22277,3
24242,1
30355,1
72281,1
41127,1
50279,1
35220,1
77437,2
27406,1
07134,1
59358,1
74242,1
22163,1
12185,1
54196,1
71583,1
84041,1
84011,1
77121,1
46164,1
67152,1
60403,1
41159,1
22104,1
03163,1
15221,1
47143,1
62556,1
62779,1
2B109,1
54138,1
62032,2
44054,1
47007,1
71323,1
18226,1
78224,1
76307,1
2A160,1
39453,1
66217,1
57244,1
15006,1
22175,1
39107,1
02541,1
14492,1
14303,1
43184,2
88247,1
40100,1
30325,1
70006,1
53153,1
56076,1
42033,1
78465,1
25207,1
66066,1
56189,1
17163,1
65353,1
17107,1
44100,1
44051,1
72341,1
35181,1
21475,1
11286,1
31517,1
58072,2
62469,1
37230,1
72137,1
09312,1
17046,1
27477,1
19274,1
17036,1
80644,1
33509,1
41180,1
09340,1
29181,1
14196,1
02257,1
91689,1
27547,1
19202,1
30009,1
65176,1
17484,1
43035,1
64313,1
67040,1
14126,1
19168,1
33546,1
34153,1
50034,1
24412,1
08211,1
27486,1
33544,1
07248,1
89370,1
24555,1
12111,1
47312,1
09193,1
88264,1
11281,1
35275,1
25418,1
26129,1
27137,1
2B033,117
38040,1
38517,5
62548,3
26046,1
14061,6
03310,66
92049,22
75111,402
62543,1
88218,3
01053,45
40223,1
76351,168
97411,35
62358,1
23159,1
74127,2
64256,9
59484,6
86186,1
38105,2
57226,5
63008,1
59295,26
21231,142
35205,1
2B049,4
91249,2
74281,38
74160,4
62452,2
71007,1
62510,19
35249,2
93029,45
66136,103
59367,7
73257,32
11069,42
57224,4
57491,8
59526,9
73262,3
78165,5
59574,8
76681,21
35142,2
75102,132
08105,70
57463,196
31459,1
50147,19
59115,2
57343,2
87154,9
93045,21
90010,37
83118,57
06069,33
59279,12
26118,5
43166,1
40188,1
02361,9
75106,111
93077,18
59143,5
64453,4
93007,13
34129,26
34095,3
57221,8
86066,32
73227,30
34032,71
42218,268
62805,1
56125,3
19073,5
13203,48
95427,5
30143,1
65291,1
56196,4
17142,2
73069,2
22004,6
62672,1
2A278,1
79179,7
76498,17
74080,16
57540,8
94018,19
88095,3
91587,1
77251,5
22241,2
77261,1
93050,14
36127,1
57283,9
92004,33
76322,8
59660,1
34232,4
48009,7
85232,4
82190,3
25520,1
76125,1
88372,4
61406,1
67218,6
2B123,9
38100,2
62310,2
13205,55
06085,13
79335,1
11212,1
81163,10
22019,1
49041,3
69034,14
53182,2
63178,22
57487,6
58191,1
42189,8
62038,5
69248,6
47232,1
63470,2
60623,1
66107,2
97113,22
35219,5
23154,1
2A249,13
95585,24
33274,1
84096,1
85191,48
88124,1
19269,4
2B281,4
16015,49
16303,1
17047,1
17232,1
33251,1
33281,20
33390,1
33484,1
04076,2
,26
38005,3
01281,2
87064,6
06038,6
74258,17
83009,21
16137,1
93055,55
91136,1
34063,2
66171,12
37014,6
22339,4
59319,1
19005,6
52448,24
76618,7
16192,4
59088,2
94080,30
62555,4
66198,1
17153,1
14366,46
68069,3
26198,44
85092,13
09225,8
73015,17
70430,1
74042,10
73171,6
82110,1
44209,2
46138,3
33012,1
88321,9
69091,9
38002,5
12056,3
38020,2
13207,62
56061,5
30059,1
22184,3
84068,2
30179,3
95555,6
49269,2
05139,11
77186,25
27193,1
53130,60
45108,2
93051,17
04018,5
84027,4
59268,5
44135,12
35225,1
07186,14
74119,15
26116,4
49248,8
50027,1
22310,1
76391,4
26112,2
79109,1
56087,7
44143,22
35115,33
69299,2
76019,1
97120,11
87122,1
57447,4
95539,10
85108,2
24256,3
54295,2
12202,25
95039,4
15258,4
41199,1
22055,9
39160,1
27467,14
36069,1
82033,6
16167,4
84054,20
62624,7
53009,1
01224,1
78269,2
45238,2
83064,3
24573,2
89263,7
40001,7
60641,1
13102,3
38009,1
69284,1
83130,7
62386,3
56027,2
45089,2
56162,11
04245,4
83148,6
40037,1
74112,3
85222,18
53168,1
84089,11
29222,1
60612,10
37003,16
88500,1
80793,2
62680,1
52194,1
41010,1
37050,7
54076,1
56193,2
86158,4
26138,2
13041,17
29225,3
74157,1
35093,16
66037,26
33245,1
11320,2
22224,1
35125,7
21464,8
13092,7
30075,5
36235,1
44072,5
88465,9
74280,8
14409,3
17064,3
49278,3
44036,12
60104,6
70279,10
42295,2
77088,4
72039,3
87159,1
83098,8
06157,6
07294,1
17132,2
38359,2
02408,30
39006,1
87177,2
34276,3
26216,1
64496,2
60189,2
59410,9
13034,5
43188,1
76467,1
02360,1
85163,24
62264,1
19036,4
60346,4
91286,5
25413,2
77407,4
32147,2
29075,7
63019,2
87161,8
35029,2
86119,1
2B183,1
10401,3
71014,11
62279,2
41198,7
86088,1
53086,1
02065,3
80518,1
67339,2
02243,4
77107,2
01079,1
77191,1
32410,3
15153,2
53155,1
72338,1
07115,3
76108,3
06140,1
22065,2
74183,3
66091,1
72090,3
22158,4
68273,1
59271,6
42115,3
89142,1
34077,1
2A308,4
63346,1
41151,6
04049,3
48099,1
59495,1
02095,6
40198,1
2B261,7
63223,1
56195,8
94073,6
2A215,4
37244,1
97105,9
91573,2
33058,5
15058,1
01196,1
95241,1
08400,1
78638,2
70163,1
80685,7
44012,5
42150,2
89055,3
59544,4
35065,2
50031,6
16291,3
31109,1
19023,5
13021,4
43080,4
35118,4
38319,6
78586,10
26135,2
80670,1
44005,3
86226,1
26235,8
77083,3
93049,11
44071,2
28391,4
91377,12
02477,2
64320,4
91666,2
81257,3
53219,2
65200,1
13056,27
69227,3
69246,1
95355,10
84069,3
62239,4
62770,3
78455,4
03118,3
59536,2
38468,2
74162,1
91458,2
60509,8
24480,1
76671,1
44188,4
67400,1
27107,3
06138,2
27528,4
37149,2
56143,5
30333,1
39333,4
62719,1
80656,2
82088,5
69243,12
55519,1
59037,5
92036,20
65070,2
29037,3
26252,8
11272,1
41226,3
22258,3
15054,3
83015,3
84039,5
60439,3
85262,1
80552,2
24291,7
29086,2
77096,3
74196,1
45115,4
08346,1
43093,2
03119,1
76535,3
29079,1
70285,3
07033,1
33046,2
28062,1
62774,4
74008,3
83046,6
17413,1
57177,7
06079,17
81055,1
30117,4
59421,8
51029,2
45121,1
17060,1
59262,2
46106,1
12147,1
36231,2
70292,2
13078,9
17069,1
17313,2
28158,1
38054,2
11276,2
85282,1
14167,3
89397,2
01399,1
62391,1
28232,2
74013,2
65072,1
63276,2
85138,1
30156,5
77405,1
63214,3
77449,5
66071,2
85293,2
03003,3
68226,2
04203,3
38148,1
86157,2
87093,1
03056,1
26325,7
61474,1
27132,1
95088,1
17444,1
43258,2
78206,1
24040,2
34039,2
60646,1
88386,1
35014,2
15269,1
63224,2
71118,4
93061,13
91021,9
64495,7
12298,1
81315,2
78090,1
27456,1
85280,2
74007,4
85210,1
59067,4
2B354,4
59340,3
48013,1
81283,1
12301,2
35197,1
01159,3
60176,9
11049,4
53096,6
62637,6
21584,6
24329,1
59052,2
07053,2
87168,5
53018,1
13003,2
16163,1
35161,1
01033,7
69049,3
17024,2
24018,1
06147,1
69052,3
47172,1
30073,2
34181,1
32299,1
04120,1
57589,1
63463,2
67385,1
54049,1
02374,1
68119,1
74128,5
19207,3
04008,1
13073,1
41185,1
67519,3
95051,6
97221,5
78362,7
62215,10
63110,1
29077,4
40239,1
53077,2
48104,4
35163,1
07336,1
34302,1
17262,1
32249,3
70537,1
72160,1
59343,4
86070,3
91468,1
2B318,1
34161,2
13010,4
28005,1
42211,2
38505,2
59647,3
22219,4
35126,12
52099,1
36232,3
63161,1
77172,1
97304,10
22079,3
71379,1
47138,1
22015,1
2B020,1
18117,2
69081,2
37263,1
49364,1
69279,2
71373,2
33314,1
36156,1
42289,4
50359,6
07031,2
88116,5
28373,3
54039,1
69296,3
80645,1
54521,2
54055,2
04206,2
41002,1
42180,1
62688,3
97217,5
29093,2
2B161,1
49231,1
16400,1
31100,1
58250,3
31210,2
35239,4
44130,5
45195,1
02201,1
24372,6
76752,2
62128,3
83056,1
91191,2
30140,3
85127,4
39297,1
72260,3
56208,2
28177,2
50294,1
40266,2
76196,1
87119,1
32344,2
54536,2
13064,3
31557,1
72005,2
97230,6
22259,3
87200,1
01248,1
13117,5
56220,1
51250,4
78531,2
77469,1
10238,1
09111,3
31038,2
77125,1
22288,2
59543,1
2A254,2
03036,4
01393,1
35277,1
57032,5
16254,1
19125,3
66210,4
77265,1
35021,2
56128,1
81024,1
48147,1
82023,1
63154,1
02680,3
45273,1
80166,1
27355,4
85011,3
43047,1
07027,2
42181,1
40131,1
11022,1
77330,4
50639,6
85042,1
07330,9
22213,3
36140,1
57510,2
84099,3
17216,1
33218,1
59335,1
65100,2
17219,9
40144,1
04128,1
18037,1
21071,1
97121,6
21531,1
85266,1
69032,1
59560,4
33006,1
02271,1
02387,1
71297,2
79319,1
54286,1
02105,1
27116,6
62525,3
74238,6
38205,1
34009,1
08252,1
42333,1
17407,2
38375,2
11008,1
85250,1
2B327,2
22265,2
62621,2
43164,1
39370,3
67205,2
2A040,2
49266,1
21016,1
39530,1
72247,1
22313,1
89298,1
56223,2
16089,3
02549,1
40267,2
54415,2
87006,1
76401,1
66189,1
77321,1
53066,2
07344,1
24280,3
85066,1
27070,2
31471,1
16300,1
91243,1
22388,1
21328,1
02169,1
56264,1
35057,1
72061,2
39010,1
21355,3
34088,1
26178,1
67471,2
72104,1
71481,1
40182,1
69070,2
76219,2
08090,5
39034,1
76210,1
29207,3
02580,1
62645,2
77002,1
76382,1
80253,9
69039,2
29011,2
15159,2
35318,1
33268,2
59449,4
83120,1
60338,2
56109,1
41017,2
15038,1
15045,3
30260,1
45092,1
13009,1
33096,1
74288,1
69064,7
29215,2
11441,1
61129,1
38099,1
82005,1
53160,1
85156,4
34261,1
69105,1
38259,1
06129,1
43229,1
16124,2
09270,1
30092,1
02305,4
38107,1
01422,1
33080,1
53041,1
72292,1
50551,3
42282,1
66124,1
44128,3
80421,1
88313,1
14352,1
71158,5
34264,1
64279,4
44112,1
83007,4
30125,1
89005,3
30212,3
59010,1
22243,1
61051,1
73059,1
36078,1
31069,8
01080,2
36045,2
22164,1
60670,1
59133,1
35252,2
39491,1
38068,1
30132,1
24194,2
33074,2
47048,2
88406,1
83052,1
89367,1
71048,1
08156,1
74074,1
31239,2
60430,1
07328,1
97420,6
49259,2
44118,1
59064,1
80674,1
48004,1
2A330,3
38186,2
59166,1
69170,1
92022,5
47100,3
72175,1
08085,1
60368,3
74278,1
02371,2
62464,3
18118,2
39149,1
08069,1
76018,1
14077,1
78096,1
54518,1
42022,3
21642,1
82149,1
44020,6
37177,1
24082,2
44007,2
15027,1
76414,3
58228,2
46240,5
83077,2
70561,3
63327,1
76214,1
26197,1
39535,1
26032,1
05161,10
56089,3
04062,3
79124,1
69272,1
83110,2
63226,1
64199,1
59198,3
49192,3
02093,1
54182,1
57132,2
74315,3
49135,1
17396,2
33342,1
56233,1
54090,1
06134,3
27140,1
71137,2
66030,1
31588,2
81145,3
29247,3
69068,4
74218,4
01386,1
59128,2
01151,1
38069,2
50267,7
23029,1
14310,1
85026,1
43124,1
14341,4
66228,1
26321,1
73132,4
63197,1
33496,1
62126,2
01008,1
61369,1
56164,3
44076,1
04123,1
77259,1
78367,1
06060,1
18198,1
26047,1
12049,1
45302,2
11067,2
50231,2
62007,1
17078,2
37219,1
35282,1
97224,6
38061,1
44023,1
30198,1
07041,2
07145,1
33090,3
44158,2
51461,2
10060,1
47052,3
81083,1
42199,1
02031,1
01093,2
49178,1
59254,2
47317,1
26147,1
27473,1
50029,3
62485,1
2B230,1
85264,1
63006,1
04227,2
76445,1
2A144,2
73307,5
50182,1
80172,2
59638,1
2A130,3
51403,2
67388,3
41110,2
62073,1
57235,1
67550,1
59065,1
89443,1
37192,1
77335,2
42154,1
30049,1
34131,1
07195,1
42175,1
74034,1
74177,1
74252,2
31515,1
89346,1
25364,1
67449,1
60029,1
60068,1
71419,1
10298,1
58063,1
76254,3
46080,1
40179,2
14030,1
21004,1
14100,2
16378,1
76660,1
18263,1
87182,1
21606,1
31025,1
31384,1
47271,1
24577,1
30150,1
74159,1
88094,3
32331,1
37134,1
78674,2
16101,1
28223,1
73067,2
41053,1
50409,1
68166,2
2B341,2
59303,2
72212,1
35264,1
46283,1
85148,1
74003,1
51582,1
80004,1
2A091,1
59398,1
11053,1
57291,1
52244,1
04102,2
67467,1
30139,2
71430,1
40228,1
64457,1
76640,4
30229,1
37032,1
82085,1
56106,4
21337,1
06095,3
74099,2
55181,4
62050,1
14281,1
41280,1
80010,4
88053,1
77450,1
71015,1
89129,1
10261,1
81297,1
26056,3
87048,2
42013,1
22011,1
31277,1
76087,1
94044,6
37051,1
65332,1
40180,1
26380,1
18067,1
02532,2
51524,1
35233,1
50164,1
69175,1
79125,1
14712,4
11369,1
09004,1
14572,1
25222,1
54144,1
35099,1
69100,2
80763,1
86294,1
63465,1
02502,1
36182,3
85179,1
25258,2
95116,1
45277,1
33320,1
35362,1
57733,2
18270,1
30089,1
78381,1
30004,2
61297,1
22269,1
33211,1
53110,1
11301,1
88099,1
89158,1
22032,2
76490,1
31206,1
50413,1
38101,1
76004,1
76534,1
17021,2
68301,1
31020,2
10352,1
49054,2
81060,3
39235,2
67210,1
18187,1
77354,1
17083,1
25029,1
52134,1
26367,1
28252,1
84131,1
15087,1
25403,1
2B309,1
35003,1
44099,1
59535,4
02318,1
04170,1
32082,1
43240,1
52182,1
34211,1
79185,1
68139,1
21415,1
36054,1
11269,2
73047,1
69218,1
43192,1
62888,1
61107,1
08001,1
70408,3
63374,1
44186,3
77182,5
11336,1
72096,1
22235,1
17291,2
63263,2
77040,1
51277,1
61463,1
66187,1
14006,1
26170,1
19037,2
29005,1
71294,1
42232,1
76046,1
54136,1
64504,3
31080,2
89223,1
81206,1
11113,2
18052,1
30350,5
50178,1
18165,1
07079,3
64523,1
84064,2
44204,2
49306,3
73309,1
49374,1
30284,2
18100,1
89101,1
29047,1
05045,2
70117,1
21416,1
56042,1
72251,1
74211,1
65447,2
11126,1
38465,1
77385,1
03039,1
17045,1
10074,1
58166,1
40230,1
2A128,1
33501,1
80652,1
17075,1
33504,1
86125,1
41113,1
06102,1
11200,1
59353,1
76201,1
77100,1
45024,1
79047,1
15216,1
04176,2
35091,1
62117,1
29270,1
42074,1
45098,1
33030,1
82187,1
86081,2
86211,1
29202,2
38304,1
52522,1
22244,1
64023,1
64191,1
63028,1
59345,1
2B116,1
59443,1
59299,2
46011,1
33065,1
50475,1
57303,1
62298,1
86040,1
48010,2
19143,1
2B311,1
62288,1
60234,2
14146,1
88132,1
79010,1
31383,1
31228,2
18161,1
65210,1
12002,1
70056,2
68261,1
62367,1
15240,1
61284,1
37061,1
02487,1
56133,1
88401,1
2A022,1
24145,1
90004,1
49211,1
52114,1
29291,1
08457,1
54490,1
36173,1
76481,2
86221,1
33293,1
71566,1
62817,1
08330,1
63437,1
02158,1
14346,1
47289,1
02566,1
38352,1
50282,1
45095,1
37204,1
05162,1
65018,1
14666,1
02057,1
77483,1
38232,1
08365,1
47075,2
66179,1
18240,1
74296,1
78192,1
39009,1
57734,1
64127,1
66024,1
95270,1
05184,1
10288,1
59146,1
76015,1
52484,1
81039,1
34071,1
03293,1
22181,1
57549,1
59179,2
11001,1
24544,1
59610,1
31052,1
91552,1
15073,1
85155,1
01348,1
49082,1
34243,3
19216,1
07012,1
42130,1
77071,1
45039,1
2A132,1
49195,1
17202,1
80679,1
85298,1
02063,1
04166,2
42106,1
17141,1
06034,1
50148,1
49260,1
19135,1
19147,1
70286,1
73103,1
38212,1
45054,1
35226,1
35221,2
89118,1
51054,1
29010,1
28278,2
06112,1
69245,1
45175,1
90097,1
35002,1
21714,1
29251,1
41294,1
72023,1
16113,2
45009,1
37015,1
07265,1
89077,1
56071,1
86103,1
86178,1
07288,1
04141,1
76245,1
45034,1
19246,1
58024,1
70478,1
02503,1
57165,1
79057,1
71033,1
76565,1
44224,1
07172,1
26373,1
76673,1
24153,1
68384,1
59080,1
17393,1
60062,1
26234,1
24160,1
67322,1
61070,1
74302,2
36162,1
38451,2
40192,37
49257,2
12221,1
2B316,3
43238,1
06004,83
97407,15
64122,53
03185,39
63432,1
14570,2
83055,8
68066,80
41018,63
13215,71
29230,2
72269,5
69077,1
74256,18
2A247,36
2B105,1
71047,7
83069,62
29177,2
38030,11
80092,1
69099,1
40184,26
81292,1
93001,101
62268,6
68231,5
34172,269
83049,6
2A362,6
39097,10
76157,7
03176,1
89382,2
35123,2
22113,30
13086,12
93048,92
82132,1
32107,9
63004,4
09047,2
48087,1
67348,10
91479,2
93062,10
75109,202
62244,5
02602,2
35089,1
49244,16
50597,1
48017,1
47221,1
74010,114
47168,7
59152,4
73065,60
08142,3
63408,2
56034,22
62080,8
18127,3
40217,8
45061,3
35155,3
02168,12
16018,1
29053,4
89025,16
83061,59
36044,50
64260,17
56107,9
37261,171
41164,2
71089,1
48021,2
44026,8
93032,19
62403,1
34255,4
94069,6
57529,4
34344,24
81147,2
80016,13
83065,3
38486,2
68297,12
01014,2
54339,4
16070,3
97409,9
78107,2
35049,15
37278,2
17225,8
74243,4
69389,43
53142,1
06109,3
14488,12
31117,1
57160,9
45147,12
78311,24
55291,4
81139,3
33069,8
14762,14
69135,2
02758,2
93027,32
05061,33
37033,2
67300,6
87088,1
36128,1
60253,1
45240,1
14342,3
2B201,1
11170,22
62349,1
11106,3
29241,5
78551,24
31395,8
54528,17
66049,6
13110,5
76651,1
16224,1
16341,2
17295,1
79056,2
79300,2
24294,5
33116,1
40309,1
05179,5
06048,4
06074,2
06097,1
22190,5
64417,3
17385,16
19101,2
24354,2
24243,2
22223,3
28088,13
44154,24
47215,1
95127,23
81038,2
59346,2
23070,3
34014,1
88449,1
44003,11
73063,1
57205,5
56040,5
61293,9
85302,3
33081,3
89411,1
44010,2
44165,1
71325,1
59507,7
59586,2
89419,3
48140,11
69209,2
38395,4
09257,1
94022,28
41137,1
17486,3
88424,4
62895,9
19241,1
94078,20
60103,3
78146,8
42019,5
76705,1
83134,1
42094,14
81306,1
85082,4
45317,2
56197,5
34037,2
14515,7
78616,1
63125,3
13087,4
16028,5
86062,6
92064,11
78688,6
78361,28
24299,4
63071,1
88114,5
76395,2
43237,1
36050,1
34116,2
22118,6
64399,2
22168,18
25112,2
22209,2
91579,2
63038,10
72337,1
46064,2
63282,3
80333,8
13070,3
74001,5
05098,3
77413,2
29140,1
44079,1
33395,2
24551,3
39154,2
81120,3
45315,8
29216,4
46251,3
06163,6
80205,2
76146,2
40279,4
36118,3
38529,3
76476,2
84123,3
58279,1
63272,1
64139,1
08243,1
80546,1
21103,2
60584,2
73011,26
14562,3
17284,4
07313,1
74231,1
07191,1
56251,6
03117,1
92007,9
47079,1
40310,4
42202,1
95197,10
45346,2
59051,7
33199,13
16253,1
58086,14
07292,1
04241,1
59249,12
22359,1
37041,1
44125,6
32436,2
93063,15
34274,4
69096,3
46160,1
30273,2
91386,5
76728,1
65226,3
60041,1
97615,3
49015,3
35234,2
45097,1
14068,3
84012,2
03082,6
59546,3
27580,1
51329,2
83100,3
29125,1
60141,14
24152,1
62863,2
17421,3
94003,7
45335,1
76312,6
01024,1
78397,1
08025,1
39114,1
19124,4
95604,5
86214,5
43157,34
29124,6
29188,7
2A211,2
49080,8
62232,1
24269,2
38337,5
89362,1
22197,4
61170,1
21515,3
69093,1
17094,8
97222,7
06106,3
97212,1
68358,1
59170,6
31503,1
59157,2
89441,5
58160,2
15036,2
73186,1
44097,5
59207,1
62204,1
60125,1
11206,13
57413,8
23105,1
59281,2
15110,2
97228,8
64422,14
59043,16
35328,3
30003,7
24138,3
2A065,6
58303,6
22343,10
01034,9
07062,1
59439,1
83071,9
35319,1
19188,1
43165,1
84116,1
29206,3
10420,3
37132,12
26182,2
72139,1
29133,6
62841,3
35173,5
29175,3
35133,3
64405,3
67257,1
66053,12
92072,8
22229,2
14701,2
58117,9
59386,6
71042,1
2B320,1
22039,2
90033,3
29027,3
93008,19
44103,4
57628,6
56082,2
17348,1
34327,3
53121,1
48061,5
37063,7
87054,1
12201,1
24139,1
84020,3
2B298,16
73290,9
56155,9
62571,3
22214,5
76758,15
82037,9
25380,5
12255,2
47230,1
08284,2
74220,3
05006,2
44164,4
02833,1
60387,2
59002,1
57336,5
38181,2
74105,8
38291,1
91617,4
06043,2
38317,7
93078,6
23026,1
30008,1
11203,5
39415,2
71269,3
85047,15
29057,4
38455,4
01305,9
11254,1
35214,1
62458,2
43226,2
35237,2
24097,1
26037,2
69160,1
69267,2
27100,2
61375,1
35266,2
43268,12
74269,3
28263,1
44151,2
67021,5
69006,4
22282,11
56159,2
37182,2
73300,2
74236,11
14119,2
07324,15
66106,3
22389,8
18148,2
66069,1
01185,2
77470,5
35135,2
35094,2
84053,1
76637,2
44065,1
95313,8
37183,1
42165,3
57143,9
36053,1
40046,17
59015,3
69163,2
13039,4
09085,2
78202,1
12167,2
76088,3
73184,1
88319,4
08480,2
24087,1
62893,5
29273,3
35337,5
60506,1
35338,2
78190,1
24091,2
25324,1
44169,3
91216,4
62176,1
04079,1
44039,1
61145,5
83047,12
89399,1
13100,8
80766,1
22266,6
45081,1
44006,3
57242,2
63085,2
07317,1
08473,2
45145,5
59457,5
29269,2
28154,1
77118,10
77205,1
72180,6
13096,10
17019,4
60223,2
01031,2
85112,1
02796,1
76753,1
10187,1
62852,2
56024,1
46289,1
10064,3
44111,1
54526,4
78402,1
22194,6
31324,1
64430,12
88267,1
60537,3
42046,4
78322,2
12246,1
77445,3
56032,3
30026,2
76628,2
95042,3
24167,6
17448,2
36007,1
07157,1
46035,1
13051,4
76716,1
45191,2
59033,7
01304,2
02785,3
14312,3
94055,8
60479,2
83019,10
27398,2
88061,1
26179,1
83143,2
71253,1
28161,2
63206,2
06153,3
22211,1
38124,2
76410,7
77215,4
02770,2
15089,1
35022,2
78220,2
49261,6
35059,2
71238,1
67264,1
80211,1
86076,1
77307,4
22137,2
57441,1
14365,2
60324,2
66164,7
58287,1
65017,3
65304,1
60169,1
37156,6
41059,6
62746,1
09119,1
78193,3
01183,2
72350,1
56033,4
54375,2
27554,2
04121,1
33458,3
13011,1
81188,1
97118,9
16083,1
13043,2
25495,1
76402,3
33160,1
01350,2
2B361,2
74275,2
97205,1
13076,5
65212,1
31541,1
63363,1
01273,3
2B190,1
2A198,3
07085,1
12134,1
12218,2
68247,2
25451,1
33515,1
59572,2
72046,2
47146,1
90052,1
61218,1
03204,1
56124,5
60703,1
25048,4
24547,10
30082,1
31585,3
95572,8
14080,1
29044,2
76374,1
31406,3
35363,2
59378,11
45169,3
28388,1
42123,2
07315,1
36006,13
59361,2
42038,1
59266,2
55527,2
18021,1
59578,2
12025,2
38442,6
41239,2
31509,1
94019,6
68177,1
06090,2
77371,2
37131,1
56241,5
59601,4
85067,1
54414,1
14398,1
37151,2
24053,3
82096,1
94047,3
82186,5
51099,1
45101,1
56154,2
88198,1
27562,4
19222,1
56023,4
74070,3
58267,4
2B251,7
84150,1
85020,1
51573,3
28209,3
26188,2
41247,2
68068,2
13074,3
57751,7
72336,2
22105,1
07075,1
88445,1
01081,1
78168,4
26025,1
42270,2
25311,1
07204,7
27269,2
42083,3
30326,2
60245,3
14046,1
59414,2
59489,1
48127,5
50199,2
81079,1
04205,2
95563,6
86262,1
21496,1
18034,1
62643,8
76507,1
45100,1
50429,2
31455,2
25318,1
78418,2
33527,5
83087,3
35145,2
31065,3
71413,1
03251,1
87106,1
18205,3
35188,5
63289,1
44138,1
85019,3
29163,2
51153,1
21277,1
22242,3
31028,2
58051,2
31232,3
30228,2
31033,5
47283,1
38457,1
94075,3
63397,2
41080,1
27109,3
38042,2
14707,1
72363,1
73181,8
25505,2
48094,2
37045,2
14200,2
76165,3
82054,1
73219,2
78128,3
57387,1
18053,1
68287,1
29182,2
35186,1
41146,1
90065,2
47091,2
62616,2
03316,1
74226,1
27208,2
17248,2
56043,2
47043,2
87097,2
2B152,2
19273,1
12088,2
59429,2
32378,1
01007,1
69149,19
88369,1
38001,3
21332,1
64416,3
83132,1
62479,2
38257,1
64371,11
30076,2
2B087,5
88310,1
86200,2
13059,3
02014,1
27218,2
97406,1
85208,1
16409,1
38429,1
35320,2
76656,2
18206,2
59119,1
22025,6
26009,3
68343,2
64272,1
24142,1
33381,1
16270,3
57620,4
44046,1
35151,2
73107,2
01403,1
83149,3
66038,2
71501,1
95353,1
49048,2
95428,13
14692,1
06150,5
69141,2
41045,2
88351,3
38507,3
51282,2
26086,2
26035,1
83032,4
57622,1
33397,2
70026,2
94043,9
01232,3
28007,2
64129,6
80024,1
56062,3
44066,2
66140,1
95426,2
24237,2
37157,1
29051,3
03023,5
21390,2
22291,2
56257,1
45196,1
2A189,3
07205,1
27643,3
27354,1
40261,2
77436,1
08179,1
51348,1
49176,3
12082,1
14221,2
85214,1
22237,2
72129,2
60129,2
77312,1
45043,1
80477,1
50142,1
36034,2
49332,3
44122,2
13017,1
95078,3
34198,6
85016,2
50188,1
34101,3
22305,1
30040,1
29190,4
27301,1
34260,1
29083,2
18075,1
21480,2
22316,2
71248,1
37060,1
68033,1
12225,1
24207,2
54482,4
93033,1
35347,2
31450,1
64491,1
22225,4
57469,1
77257,2
60015,2
2B307,2
14194,2
22081,3
54305,2
17331,3
58033,1
61309,1
50121,1
50054,1
46163,1
80599,2
44139,1
21191,1
56112,3
81021,2
60045,1
35087,1
29067,3
11103,2
42259,1
45086,1
87114,1
34328,1
40273,3
33350,2
71154,1
30336,1
66034,1
39508,1
16020,3
18103,4
29271,2
59202,2
13082,1
95256,1
07202,2
85039,1
57330,1
46297,1
83011,2
59462,3
22387,2
59334,1
59316,2
82002,1
89324,2
38390,1
35046,2
42170,2
69117,2
44142,2
23218,1
67046,6
07349,3
68217,2
47188,1
74043,2
29186,2
18087,4
95574,3
42178,1
84148,1
88078,4
36244,1
29106,3
88194,1
26287,2
60665,3
84063,2
55219,1
01043,1
38012,1
76427,1
09322,3
07268,2
71299,1
77238,2
62905,1
84095,1
38515,1
31089,1
81001,1
82179,2
89066,1
50433,3
62336,1
71164,1
69293,2
78396,2
42162,1
40104,1
37231,2
95541,1
28156,1
76624,2
82025,1
29017,1
17298,1
30168,1
43007,1
74199,3
35109,2
69269,1
35191,1
52233,1
71129,1
37099,1
74297,1
83013,2
10297,3
60643,1
41120,2
66204,1
56104,2
78123,2
53099,1
28394,1
62750,1
89021,2
50420,1
67405,1
2B283,2
43087,3
29008,1
15257,1
52353,1
97419,3
24164,1
26320,2
18133,2
35227,1
58094,1
74215,4
77521,1
90017,1
27114,2
73013,2
85025,2
77147,1
22077,2
76190,1
32414,1
22324,3
59231,1
74045,1
50347,1
37067,1
64014,1
87111,1
01262,3
33367,1
73071,6
31399,2
49167,4
86296,1
15248,1
31275,1
67464,1
22245,1
69161,1
80622,2
76482,1
18246,1
50338,1
71466,1
35304,1
30102,1
42230,1
74167,1
21294,1
01149,1
77132,1
59112,5
30286,1
09318,1
35194,1
84067,1
11024,1
34245,2
22111,1
60651,1
77184,1
70410,1
29217,5
02286,1
03022,1
83139,1
29029,1
34163,1
22088,1
80724,1
76329,1
27260,2
50281,1
45107,1
07226,1
68246,1
46224,1
2B173,1
17016,1
60680,1
89280,1
80160,1
85255,1
24236,1
25361,1
04201,1
59520,2
43074,1
39510,1
46317,2
72219,1
03264,1
57341,1
29130,1
12191,1
16110,1
67104,1
67443,1
15175,3
41147,2
97215,1
22240,2
44214,1
65032,1
80711,2
38029,1
58198,1
63194,1
01258,1
27385,3
74147,1
30112,1
30249,1
62606,1
32219,1
16123,1
67448,1
49036,1
25310,1
23095,2
22327,2
56182,4
68058,2
67237,1
19151,1
58193,3
77183,6
83102,1
80093,1
34148,1
65481,2
36230,3
60333,1
44033,2
85040,1
30123,1
38135,1
89037,2
37243,1
44156,1
57038,5
58205,2
15124,1
23223,1
59237,2
97114,1
57633,1
08115,2
72066,1
42288,1
77320,3
51576,1
39573,1
54493,1
37053,1
66021,1
35132,1
69197,1
77075,1
88520,1
46262,1
35072,2
59086,2
86124,1
65465,2
62407,1
69254,1
22096,1
31472,1
40089,1
48188,4
27019,1
56204,1
14076,1
48156,1
17359,1
95452,1
77210,2
45285,1
13107,3
34304,1
73206,3
57332,2
82180,1
30146,1
45286,4
63285,1
50200,3
07235,1
17243,1
39462,1
11070,1
2A285,1
64207,1
68378,1
05142,1
01111,1
43249,1
59435,1
80693,1
56207,2
78623,1
59272,2
62747,1
01032,1
29221,2
44019,1
59197,2
80029,1
67003,1
87201,1
02290,1
64035,1
71287,1
47003,1
84062,1
58045,1
10357,1
14591,1
65047,1
62235,2
88085,1
42323,3
59464,1
36154,2
35308,2
26368,1
78160,1
27367,3
70485,1
89235,1
85213,2
22045,1
2B263,1
84001,1
39339,1
08043,1
13062,1
40094,1
25614,2
22061,1
76099,1
11280,1
26005,1
15142,1
81063,1
69142,1
31573,1
50388,1
34184,1
46220,1
01098,1
12105,1
63136,1
07289,1
95394,1
77283,1
68018,1
65439,1
45245,1
84090,1
90001,2
89085,1
43211,1
38160,1
74259,1
39528,1
10052,1
41173,1
69298,1
08341,1
54542,1
16385,1
42054,1
83088,1
60450,2
19174,1
02794,1
2A363,1
33418,1
58067,1
76014,1
22228,1
86285,1
12142,1
39391,1
28298,1
2B280,1
50564,2
59118,1
90050,1
59206,1
64029,3
38195,1
64213,1
59437,1
18042,1
49284,1
2B178,1
17376,1
39170,1
2B344,1
33452,2
40299,1
31118,1
05149,1
63426,1
51319,1
39190,1
66116,1
11068,1
35121,2
19118,1
39094,1
90029,2
43022,1
31344,1
64066,1
25156,1
43217,1
47265,1
77270,1
63386,1
04217,1
78010,1
26143,2
76595,1
07174,1
53177,1
01344,1
42031,1
86193,1
62049,1
50541,1
11063,1
60379,1
07147,1
60454,2
07261,1
19106,1
27022,1
91085,1
38049,1
11014,1
50421,1
79311,2
56126,1
54525,1
77409,1
36208,1
34309,1
78354,1
59668,1
07218,1
21351,1
03074,1
87014,1
64522,1
74087,1
29097,2
17222,1
38043,1
86095,1
51171,1
91519,1
2B248,1
62496,1
70539,1
28143,1
89084,1
80199,1
67020,1
89439,1
82087,1
27534,1
58121,1
87066,1
29104,1
71494,1
97216,1
39174,1
72235,1
21506,1
91095,1
65376,1
41036,1
26155,1
2B333,1
80295,1
53107,1
59453,1
21582,1
19025,1
84052,1
17327,1
30172,1
67479,1
56210,1
62908,1
62044,1
27169,1
45096,1
53222,1
35019,2
31481,1
29025,1
80530,1
59156,1
03012,1
08188,1
50498,1
73330,1
31177,1
50483,1
62323,1
87192,1
62851,1
42197,1
26070,1
57149,1
2A066,1
61240,1
22033,1
73077,1
83113,1
17203,1
65031,1
29062,1
18168,1
80009,1
83094,1
32213,1
29248,1
76261,1
71212,1
62156,1
46195,1
04149,1
86114,1
09238,1
31467,1
21115,1
69159,1
49358,1
63169,1
21383,1
28213,1
56174,1
71172,1
72098,1
23174,1
33321,1
63275,1
18110,1
12001,1
41089,1
82051,1
58176,1
72050,2
75104,115
84029,2
69385,75
56260,69
17299,33
33063,362
88413,34
12172,3
62652,3
64374,1
97128,7
65440,40
40312,4
74191,55
43025,3
75101,124
83137,208
13077,30
13211,27
73114,4
38527,7
74014,9
69024,8
50490,2
97209,47
84031,17
92032,7
24322,77
08081,4
63113,167
71133,6
51028,1
70498,1
66194,3
17300,124
87085,117
32401,1
13022,23
83070,37
57543,1
33522,14
13063,13
31140,1
74282,10
54329,12
59224,4
29019,160
25031,11
77379,17
03052,1
15162,6
81099,10
29232,75
34199,13
22199,1
10387,57
75120,188
38185,260
11136,1
68315,5
75115,168
11104,1
13202,85
62193,110
59566,1
07334,13
27230,5
63210,3
80011,2
72264,10
69029,9
69387,95
72191,2
42052,13
82094,2
95176,11
13213,24
63050,7
38422,5
80241,1
74136,11
25462,18
06152,10
59044,2
13106,7
06012,7
41232,8
59616,8
22005,3
35360,24
42071,6
50402,3
01148,1
13206,104
80410,7
56031,3
22321,4
17240,5
13204,39
45008,1
57323,4
42236,2
15219,3
26357,4
12062,2
62422,1
63047,6
49194,1
69043,3
74081,9
65375,3
94079,7
22206,6
50394,5
26281,18
82121,48
25345,1
69019,16
75116,88
04039,8
54322,6
83112,12
43236,4
49099,31
63001,2
18279,36
64445,107
33243,28
71404,1
76116,1
18197,19
76231,28
91103,11
11288,1
2A028,1
06091,3
29152,2
42298,1
45252,9
29173,2
2B224,3
32429,1
41074,1
28022,1
63334,3
62054,3
60057,55
57368,7
64102,99
34214,1
12200,1
54270,2
95436,1
97302,40
2B037,6
12116,1
42246,3
83073,12
15187,16
57556,2
35256,2
37172,3
78517,15
78481,6
39441,1
79191,60
59009,15
47324,2
83042,12
71076,51
60463,8
77305,19
57677,1
93072,15
28405,3
17369,7
17093,8
76495,7
29039,29
62907,4
59045,1
59585,3
72095,2
61508,4
13015,4
59646,7
47004,6
67043,11
16102,21
17025,2
17234,1
17305,1
17312,1
79258,1
86115,3
33036,5
33087,2
33255,1
40172,1
04242,4
06104,9
13031,3
36016,2
58170,1
07005,3
83062,12
50523,4
62291,2
71449,1
53034,2
41167,3
02173,16
09167,2
64269,4
34066,1
72132,8
25228,2
29233,19
11378,3
94052,10
59092,4
04088,12
73312,1
14101,5
01378,3
73006,7
95063,11
73029,3
28220,3
12148,1
83029,3
86161,1
58273,1
07231,2
49368,4
94067,10
09185,2
77137,1
17158,1
32296,3
28140,4
05133,9
77508,1
77333,9
12163,1
56175,2
56232,1
71306,10
42148,2
59107,9
78420,1
18225,1
39193,2
79100,2
95026,1
59243,1
80717,2
93059,15
82008,5
64558,4
42302,7
68118,1
30221,3
25063,1
27284,14
49369,2
21186,1
34157,8
17010,2
44172,5
34244,1
14685,1
86068,2
24273,2
58098,1
91228,9
81104,3
78686,7
29220,12
14731,3
91649,2
42059,8
63195,1
31221,1
01160,3
59359,3
35116,1
50592,4
42102,1
50588,1
95424,8
44161,2
77296,3
12138,3
64526,3
71351,1
56081,6
26142,1
48030,1
78642,3
74067,4
56165,12
63236,5
56218,1
92050,23
62133,8
85129,2
26167,2
56118,4
56141,1
15154,1
24035,4
14225,6
19002,2
09262,1
83152,2
56134,2
74224,11
87053,1
77294,9
41201,1
71571,1
2B171,1
77122,8
71463,1
33433,2
22311,1
16287,1
63300,14
49272,1
39300,28
30034,4
2B229,2
12044,3
77475,3
93013,12
14654,5
60471,15
93057,20
76575,9
15134,3
01446,2
52060,4
49311,2
06162,1
15266,1
26165,2
40137,1
28348,2
31291,2
34343,1
91326,8
23045,1
27629,4
04173,2
37218,1
85288,7
43183,1
22185,2
91339,2
38155,3
69259,8
78003,1
86112,2
71106,5
53210,1
72154,18
80585,4
19148,4
84091,6
34142,9
77349,3
97421,2
97232,6
79013,3
74197,1
01457,1
15215,3
05012,1
74295,1
87191,1
2A284,2
04143,4
08355,1
41143,2
71192,2
67222,2
79202,14
97109,5
62225,1
97226,4
42176,1
25032,1
21505,1
88409,1
82090,2
54580,5
38170,2
59069,1
07322,1
55351,3
57535,1
84133,5
33205,1
14258,12
29054,1
09182,3
83150,5
59550,3
59110,1
62186,10
25307,2
2B296,1
30317,2
74190,5
14460,2
70409,1
12219,1
34293,5
02381,6
60372,1
12265,1
34202,2
65021,1
89091,2
60540,2
62767,10
80039,6
02795,3
45028,8
33459,3
38316,1
58115,1
11076,6
15261,1
57508,1
57757,6
63069,5
36228,3
39368,5
27069,1
26041,2
25539,4
38511,3
57591,4
01419,3
43089,3
23263,1
2A008,1
55122,7
11009,1
76443,2
43244,5
61341,1
60022,1
70228,1
34284,5
42127,4
17252,1
47204,1
21663,2
61379,1
28201,2
62346,1
78299,1
38081,1
06143,2
42210,1
63349,1
01420,2
69104,2
57106,6
14197,2
07070,1
33162,12
85013,2
13069,7
09030,4
42204,4
50499,1
23100,1
35080,2
57582,1
46029,2
95480,1
42008,1
14327,6
64373,2
38516,1
38466,4
37018,2
32440,2
28386,1
36202,2
38558,1
38547,3
40287,3
60286,3
33138,3
57409,1
97125,9
74037,1
82092,1
93053,17
29165,2
22362,10
87089,4
22062,1
56073,7
73191,3
89436,1
40224,3
72153,2
72186,1
47099,1
31446,3
56075,7
76452,5
56262,5
03242,3
03157,1
47310,8
76278,3
78068,1
85106,1
62306,1
91645,2
03089,1
22072,3
15152,2
80126,1
35101,1
85098,1
03254,3
77127,1
63245,2
50102,3
95637,6
81317,3
59011,4
69285,2
85076,2
44116,2
45229,3
44187,3
29244,1
37153,2
86165,8
10331,1
34159,1
73270,4
33055,1
38474,3
83108,2
59523,1
29094,1
26324,6
31491,3
41152,1
76295,1
12171,1
22179,6
06161,11
34333,3
65138,8
27604,1
74189,1
78327,4
72241,1
76608,1
41181,1
11131,2
69244,5
33256,1
2A288,1
61372,3
38114,1
71448,2
78321,1
38076,2
06073,3
37154,3
82038,4
69199,15
02755,2
05023,15
14514,7
17190,3
02189,1
36018,6
84010,1
85130,1
06025,2
31592,1
67099,1
38141,1
68201,4
31424,2
72364,2
79295,2
22264,3
33412,1
72049,1
59372,3
84043,2
45248,4
91457,1
12299,1
2A163,2
52377,1
63262,4
54318,3
68344,1
95527,2
70371,1
45182,1
97231,4
01209,1
14370,1
43141,2
52306,1
29161,2
91577,2
64484,2
63446,2
06127,2
05050,2
39434,5
86233,2
31202,3
80632,2
29176,3
51649,12
63014,10
33485,3
87117,4
66093,3
27226,6
60149,3
70526,1
62033,5
42029,1
31316,1
94065,5
33383,1
07078,5
65199,2
14009,1
22106,4
33233,2
07127,3
72146,2
13016,3
49170,1
12197,3
43186,3
52414,1
83059,1
85062,1
08491,4
30258,6
54357,3
29032,3
59375,4
63415,5
84024,1
83103,5
89420,2
38400,2
71585,1
76719,3
13002,7
35062,2
78571,1
73146,3
70227,1
86213,1
63233,1
50500,1
84144,1
07341,4
84112,1
77479,3
38117,1
60560,1
33154,1
29061,4
97610,2
79145,1
12168,4
16055,1
91027,7
63119,1
77377,2
62413,5
78356,1
11021,1
72329,2
69148,1
73282,1
50090,1
11401,2
84107,1
73322,3
63012,1
33308,1
64147,3
74298,2
89046,1
22349,3
95287,2
31079,1
69165,2
39558,1
25024,1
64238,1
17086,6
25321,4
39150,3
84004,4
38480,2
17336,3
42257,1
11089,1
88423,1
85227,3
59408,1
42227,1
17430,1
06006,1
89144,1
14456,3
64329,1
03227,1
56009,2
88266,1
51612,4
44212,2
30081,1
55125,1
60206,1
77487,1
34246,2
58215,2
59593,1
17269,2
71443,2
14231,1
51380,3
67411,1
63204,1
43251,2
02470,2
13080,1
53082,1
14679,2
05026,1
43110,1
01416,1
77420,3
73033,1
77430,2
05070,6
35144,2
22251,3
41296,1
22160,1
50604,1
83135,1
49246,8
22364,2
64104,3
95218,3
30169,3
67495,1
21192,1
30012,5
46038,1
14070,3
18057,2
25452,1
34194,2
76541,1
57433,5
74021,1
91109,2
39228,2
34338,4
63192,4
38133,2
24451,1
59078,1
26318,2
44041,4
97502,7
35276,1
60348,1
62614,1
85059,1
2A282,1
69162,2
64314,1
32120,1
45029,2
2A098,1
56180,1
62267,1
2B135,1
63336,1
33498,1
61389,1
53164,1
56163,2
80476,1
59525,1
30141,4
43224,8
76672,1
73055,3
34028,5
38537,2
29287,1
89378,1
55496,1
38026,2
60597,4
83067,6
72346,3
73232,2
66133,2
92076,3
33104,4
85164,5
62819,2
42276,1
22103,2
14663,1
59422,3
31084,1
73129,2
04081,2
60480,1
64331,1
74152,1
81284,1
69018,2
45210,1
85054,1
72084,2
25304,2
28033,1
86203,1
37203,3
86202,1
48096,3
77135,1
89003,2
50237,2
76101,1
42134,2
34139,2
62788,3
77208,1
37195,3
54040,2
68376,4
85197,3
11192,1
29105,5
72051,1
71574,1
61055,1
81219,2
37110,1
23192,3
52411,1
44221,1
50341,2
79121,1
79355,1
59326,1
14257,2
91338,1
74121,1
45226,1
28199,3
15211,1
30065,1
81273,1
33393,1
62773,3
37206,1
71376,1
56100,2
29056,1
28227,2
08391,2
44176,3
38509,4
41142,2
07304,1
08060,1
12268,1
27240,1
74104,5
89095,1
02143,2
2A139,2
26001,1
35327,1
22099,2
16249,1
28334,3
46266,1
63147,1
37086,1
12051,1
48137,1
16408,1
91685,2
72381,1
29100,1
07153,1
63022,1
38464,1
62440,2
87116,1
57484,2
64064,1
53176,1
35322,2
2B045,1
60700,1
44137,2
31421,3
73236,1
78451,1
35339,1
10090,1
45268,1
67426,1
22155,3
88146,1
12131,2
02701,1
22215,9
08497,2
52022,1
33249,7
38085,1
13101,1
07137,1
67105,2
78343,1
63116,1
80427,1
12011,2
30348,2
50444,1
45059,1
62338,1
71417,2
2B222,1
64241,1
12300,9
15254,1
34189,3
22067,2
59381,1
79103,2
16209,1
55467,2
64511,4
97417,2
77480,2
54451,4
29299,1
32083,3
72320,1
59423,1
69103,1
74085,5
56244,2
12241,1
09160,4
63070,2
26073,1
64518,2
65296,1
14349,1
17303,2
56168,4
89276,1
02710,1
86039,1
10287,1
03098,1
33155,1
71520,1
35111,1
81244,2
74026,1
49241,1
77477,1
73123,1
95074,1
13097,1
31085,2
45222,1
29060,1
89321,1
54332,1
21295,2
44163,1
56085,3
76537,1
29289,2
22220,2
95566,1
77042,2
01068,1
10178,1
59623,1
77301,1
53126,1
62463,1
03183,2
59063,2
30149,1
33334,1
70473,2
18216,1
03275,3
24068,4
41252,2
76385,1
64116,2
41297,1
22053,2
62642,1
33435,1
95214,1
30083,1
54054,1
77369,2
85178,1
16078,1
24437,1
28359,2
28191,1
12220,1
68172,1
47240,1
74305,2
88361,2
64140,2
72058,1
02389,2
42098,1
59580,3
11397,2
78605,1
54152,2
40110,1
62245,1
67239,1
59641,2
68277,2
67309,1
67196,1
48194,1
59389,3
44196,2
11055,1
73057,1
71538,1
73231,2
61505,1
37112,1
30077,3
72359,1
59225,2
73141,1
72001,2
62161,1
62487,1
63287,1
67394,1
64228,1
50582,2
58285,1
14338,4
37237,1
74154,2
28233,1
59565,1
24220,1
71215,1
39424,1
11040,1
07006,1
42271,1
42296,1
12068,2
32225,1
53143,1
48090,1
37031,3
54321,2
14123,1
11058,1
2A114,2
17068,1
87158,1
02041,1
59292,1
89253,1
74229,3
51410,1
02264,1
77394,1
59228,1
59098,1
51118,3
33325,2
45171,2
19264,3
40163,1
72025,1
69278,1
23245,1
28404,4
33310,1
15002,2
06020,1
56212,1
27180,2
86225,2
28371,1
80316,1
24100,1
58197,1
33525,1
28423,1
42137,1
62552,1
29265,1
56110,1
37118,1
97413,4
49058,1
40332,1
74002,1
79112,1
86007,1
76070,3
60533,3
97616,3
43027,1
44136,2
12110,1
33143,1
27377,1
85072,1
74293,2
77241,1
51145,1
41238,1
53125,1
76260,1
40056,1
62837,1
12237,1
67335,1
64235,1
69194,1
59611,1
25428,2
30297,1
15072,1
72168,2
18209,1
12057,2
51248,3
84097,1
40117,1
35110,1
10265,2
28149,1
53120,1
95352,3
77176,1
34103,1
76135,1
73221,1
87082,1
34191,2
88175,1
97403,3
61050,2
76235,1
70415,1
16320,1
37115,1
10004,1
25432,1
2B039,1
76238,1
02676,2
03018,1
80486,1
84084,1
35265,1
91511,1
86084,1
29013,1
71231,1
76515,1
67204,3
77471,2
18003,1
01275,2
67115,2
73308,1
02820,2
14714,2
05126,1
59305,2
56203,2
04192,2
42169,1
26312,1
79254,1
81217,1
05121,1
98613,1
45188,1
59332,3
71223,1
91186,1
34178,1
71126,1
54439,1
63118,1
15055,1
30165,1
14229,2
87075,1
76177,1
12128,1
52420,1
63115,1
23064,1
50419,2
70398,1
59244,2
63144,3
24383,1
91175,1
03049,1
65147,1
2B073,1
05181,1
47278,1
30164,2
77237,1
16366,1
24471,1
70071,1
07138,1
26088,2
74240,1
49247,1
50506,2
19254,1
21632,1
53002,1
76707,1
12027,1
12257,2
15268,3
59074,2
70122,2
41078,1
44197,2
34203,1
12036,2
44064,1
50117,1
38194,1
49027,1
57051,1
23134,1
15161,1
27168,1
35326,1
26226,1
02703,1
72189,1
88526,1
38072,1
28013,1
29059,1
70041,1
34031,1
52125,1
38064,1
24309,2
27453,3
73028,1
72300,1
80770,1
85024,1
74038,1
73324,1
35162,2
51423,1
02020,1
33128,1
67301,1
53213,1
22153,3
76095,3
64271,1
43246,1
64478,1
40308,1
72075,1
60405,1
24154,1
38425,1
05017,1
43205,2
88428,1
29148,1
35141,1
14626,1
62448,1
87080,1
88519,1
47252,1
76324,2
62674,1
43214,1
30214,1
25148,1
23131,1
12181,1
57568,1
64466,1
33279,1
59096,2
86252,2
28184,1
16316,1
27279,1
54159,4
07310,1
87012,1
78486,1
56224,2
40292,1
39293,1
56028,1
50273,1
80256,1
38495,1
59547,2
50443,1
76021,1
50437,1
57752,1
62412,1
73032,1
18079,1
76090,1
59555,1
57200,1
66105,1
56099,1
53013,1
50002,1
08242,1
71454,1
04101,1
18193,1
14305,1
35187,1
44149,1
27493,1
22272,1
77260,1
66070,1
34305,1
05054,1
97612,1
41024,1
85111,1
77302,1
31184,2
11124,1
65408,1
05183,1
70168,1
45345,1
11367,1
85254,1
85190,1
62595,1
46073,1
14536,2
85005,2
77337,1
06035,1
93015,1
61345,1
74299,1
49035,1
50431,1
65339,1
16005,2
07212,1
01025,1
62369,1
72114,1
45344,1
57041,2
32252,1
15250,1
25550,1
62791,1
56115,1
01367,1
49224,2
37174,1
59619,1
02717,1
65240,1
02296,1
69168,1
28146,1
69045,1
86190,1
11116,2
83093,1
49299,1
59312,1
30183,1
54008,1
53076,1
01130,1
16226,1
10037,1
66018,1
61075,1
34084,1
50328,1
33539,1
54079,1
60309,1
01169,1
62535,1
14480,1
41073,1
19059,1
71123,1
71135,1
63205,1
50176,1
37105,1
31224,1
11148,1
35272,1
03104,1
07308,1
58281,1
62451,1
91408,1
11251,1
63368,1
32426,1
76566,1
12244,1
35159,1
11035,1
64244,1
29226,1
19087,1
65108,1
11361,1
87041,1
03208,1
74044,1
11185,1
64435,1
85158,1
71317,1
74266,1
17436,1
03063,1
43195,1
35039,1
22308,1
01360,1
76436,1
34130,1
74006,1
62313,1
60239,1
49155,1
72073,1
